x-axis,1,2
second,Volt,Volt
-2.500000E-03,-1.194488053E+00,+652.624993E-03
-2.497500E-03,-1.194645088E+00,+652.939064E-03
-2.495000E-03,-1.193545841E+00,+651.839817E-03
-2.492500E-03,-1.193074736E+00,+650.740571E-03
-2.490000E-03,-1.193859912E+00,+650.112430E-03
-2.487500E-03,-1.192760666E+00,+649.327255E-03
-2.485000E-03,-1.192760666E+00,+649.327255E-03
-2.482500E-03,-1.192132525E+00,+647.128762E-03
-2.480000E-03,-1.190248103E+00,+645.558410E-03
-2.477500E-03,-1.188206646E+00,+643.831023E-03
-2.475000E-03,-1.188363681E+00,+643.045848E-03
-2.472500E-03,-1.187735540E+00,+641.789566E-03
-2.470000E-03,-1.187578505E+00,+641.475496E-03
-2.467500E-03,-1.185851118E+00,+639.434039E-03
-2.465000E-03,-1.184751872E+00,+638.334792E-03
-2.462500E-03,-1.182867450E+00,+635.979265E-03
-2.460000E-03,-1.182396344E+00,+634.722983E-03
-2.457500E-03,-1.180668957E+00,+632.053385E-03
-2.455000E-03,-1.177842324E+00,+630.168963E-03
-2.452500E-03,-1.176586043E+00,+628.127506E-03
-2.450000E-03,-1.175172726E+00,+627.028260E-03
-2.447500E-03,-1.173445339E+00,+625.614943E-03
-2.445000E-03,-1.172189058E+00,+624.201627E-03
-2.442500E-03,-1.170461671E+00,+621.374994E-03
-2.440000E-03,-1.169205389E+00,+619.804642E-03
-2.437500E-03,-1.168106143E+00,+618.862431E-03
-2.435000E-03,-1.167320967E+00,+617.449114E-03
-2.432500E-03,-1.166535792E+00,+615.878762E-03
-2.430000E-03,-1.166064686E+00,+615.721727E-03
-2.427500E-03,-1.165436545E+00,+614.779516E-03
-2.425000E-03,-1.164965440E+00,+613.837305E-03
-2.422500E-03,-1.164023229E+00,+612.738059E-03
-2.420000E-03,-1.163709158E+00,+611.952883E-03
-2.417500E-03,-1.162609912E+00,+610.539567E-03
-2.415000E-03,-1.161510666E+00,+609.440320E-03
-2.412500E-03,-1.160254385E+00,+608.027004E-03
-2.410000E-03,-1.158369962E+00,+605.828511E-03
-2.407500E-03,-1.155700365E+00,+603.315949E-03
-2.405000E-03,-1.151617450E+00,+600.960421E-03
-2.402500E-03,-1.149575993E+00,+597.348612E-03
-2.400000E-03,-1.144864937E+00,+595.307155E-03
-2.397500E-03,-1.138426495E+00,+590.124994E-03
-2.395000E-03,-1.134500616E+00,+586.827255E-03
-2.392500E-03,-1.130888807E+00,+584.314692E-03
-2.390000E-03,-1.127905139E+00,+580.388813E-03
-2.387500E-03,-1.125235541E+00,+577.562180E-03
-2.385000E-03,-1.123351119E+00,+573.793336E-03
-2.382500E-03,-1.120524485E+00,+570.809667E-03
-2.380000E-03,-1.117226747E+00,+567.983034E-03
-2.377500E-03,-1.114086043E+00,+565.470472E-03
-2.375000E-03,-1.108275742E+00,+561.701627E-03
-2.372500E-03,-1.099167702E+00,+553.849869E-03
-2.370000E-03,-1.092258154E+00,+548.667708E-03
-2.367500E-03,-1.087547099E+00,+542.543336E-03
-2.365000E-03,-1.084406395E+00,+538.617457E-03
-2.362500E-03,-1.080794586E+00,+534.377507E-03
-2.360000E-03,-1.073099863E+00,+530.294593E-03
-2.357500E-03,-1.065719210E+00,+525.740572E-03
-2.355000E-03,-1.056768205E+00,+519.302130E-03
-2.352500E-03,-1.049858657E+00,+511.607407E-03
-2.350000E-03,-1.044362426E+00,+502.970472E-03
-2.347500E-03,-1.039651371E+00,+497.003136E-03
-2.345000E-03,-1.033841069E+00,+491.978010E-03
-2.342500E-03,-1.022848607E+00,+485.539568E-03
-2.340000E-03,-1.012013180E+00,+475.960422E-03
-2.337500E-03,-1.005731773E+00,+466.224241E-03
-2.335000E-03,-1.000863683E+00,+458.843588E-03
-2.332500E-03,-991.284537E-03,+453.504392E-03
-2.330000E-03,-980.135040E-03,+448.793337E-03
-2.327500E-03,-969.456648E-03,+438.743086E-03
-2.325000E-03,-963.960417E-03,+427.593589E-03
-2.322500E-03,-959.406397E-03,+419.898865E-03
-2.320000E-03,-949.199110E-03,+412.675247E-03
-2.317500E-03,-938.677754E-03,+407.021981E-03
-2.315000E-03,-928.470467E-03,+399.170222E-03
-2.312500E-03,-923.288307E-03,+387.392584E-03
-2.310000E-03,-914.494337E-03,+377.185298E-03
-2.307500E-03,-902.559664E-03,+372.160172E-03
-2.305000E-03,-892.823483E-03,+366.192836E-03
-2.302500E-03,-885.599865E-03,+357.398866E-03
-2.300000E-03,-880.417704E-03,+347.034544E-03
-2.297500E-03,-870.995594E-03,+337.141328E-03
-2.295000E-03,-859.532026E-03,+331.173992E-03
-2.292500E-03,-849.167704E-03,+323.322233E-03
-2.290000E-03,-841.158911E-03,+310.916454E-03
-2.287500E-03,-832.364941E-03,+300.709168E-03
-2.285000E-03,-820.430268E-03,+293.171480E-03
-2.282500E-03,-808.338559E-03,+284.377510E-03
-2.280000E-03,-802.057152E-03,+273.385048E-03
-2.277500E-03,-794.048358E-03,+263.177761E-03
-2.275000E-03,-781.014439E-03,+255.483038E-03
-2.272500E-03,-768.922730E-03,+247.945349E-03
-2.270000E-03,-762.013183E-03,+238.366204E-03
-2.267500E-03,-754.004389E-03,+225.803390E-03
-2.265000E-03,-741.127505E-03,+216.538314E-03
-2.262500E-03,-727.779515E-03,+208.529521E-03
-2.260000E-03,-722.283284E-03,+199.421481E-03
-2.257500E-03,-713.960419E-03,+187.172737E-03
-2.255000E-03,-698.570972E-03,+176.808415E-03
-2.252500E-03,-687.107405E-03,+170.369973E-03
-2.250000E-03,-681.297103E-03,+162.675250E-03
-2.247500E-03,-669.205395E-03,+148.542084E-03
-2.245000E-03,-655.072229E-03,+137.392587E-03
-2.242500E-03,-645.336048E-03,+130.011934E-03
-2.240000E-03,-638.112430E-03,+121.846104E-03
-2.237500E-03,-622.565948E-03,+106.456657E-03
-2.235000E-03,-610.160169E-03,+95.464195E-03
-2.232500E-03,-602.622481E-03,+88.554648E-03
-2.230000E-03,-594.299617E-03,+77.248115E-03
-2.227500E-03,-581.265697E-03,+65.470477E-03
-2.225000E-03,-569.802130E-03,+55.891331E-03
-2.222500E-03,-560.537054E-03,+48.196608E-03
-2.220000E-03,-551.271979E-03,+40.030779E-03
-2.217500E-03,-538.081024E-03,+26.839824E-03
-2.215000E-03,-527.088562E-03,+17.103643E-03
-2.212500E-03,-517.352381E-03,+8.466709E-03
-2.210000E-03,-505.417708E-03,-1.269472E-03
-2.207500E-03,-492.226754E-03,-13.989321E-03
-2.205000E-03,-482.804643E-03,-25.452889E-03
-2.202500E-03,-475.266955E-03,-32.205401E-03
-2.200000E-03,-462.076000E-03,-43.040828E-03
-2.197500E-03,-447.785799E-03,-58.901381E-03
-2.195000E-03,-441.347357E-03,-66.753140E-03
-2.192500E-03,-432.553387E-03,-74.290828E-03
-2.190000E-03,-416.064694E-03,-87.167712E-03
-2.187500E-03,-404.915197E-03,-98.945350E-03
-2.185000E-03,-397.848614E-03,-108.053391E-03
-2.182500E-03,-383.558413E-03,-115.591079E-03
-2.180000E-03,-368.483036E-03,-127.996858E-03
-2.177500E-03,-361.102383E-03,-139.774496E-03
-2.175000E-03,-351.209167E-03,-148.725501E-03
-2.172500E-03,-336.918966E-03,-157.519470E-03
-2.170000E-03,-325.298363E-03,-170.239320E-03
-2.167500E-03,-318.231781E-03,-182.802133E-03
-2.165000E-03,-304.726756E-03,-191.753138E-03
-2.162500E-03,-292.163942E-03,-200.704143E-03
-2.160000E-03,-282.113690E-03,-214.052133E-03
-2.157500E-03,-272.377510E-03,-226.143842E-03
-2.155000E-03,-258.244344E-03,-234.937811E-03
-2.152500E-03,-244.739319E-03,-249.856153E-03
-2.150000E-03,-237.515701E-03,-262.261932E-03
-2.147500E-03,-224.481782E-03,-271.841077E-03
-2.145000E-03,-208.621229E-03,-284.089821E-03
-2.142500E-03,-199.827259E-03,-297.594846E-03
-2.140000E-03,-192.760676E-03,-307.173991E-03
-2.137500E-03,-177.842335E-03,-316.753137E-03
-2.135000E-03,-164.651380E-03,-330.258162E-03
-2.132500E-03,-158.212938E-03,-342.035800E-03
-2.130000E-03,-145.021983E-03,-352.714192E-03
-2.127500E-03,-129.318466E-03,-364.805900E-03
-2.125000E-03,-121.152637E-03,-377.368714E-03
-2.122500E-03,-108.432788E-03,-388.204141E-03
-2.120000E-03,-95.241833E-03,-396.841076E-03
-2.117500E-03,-83.621230E-03,-409.874995E-03
-2.115000E-03,-75.926507E-03,-422.908915E-03
-2.112500E-03,-61.008165E-03,-432.645096E-03
-2.110000E-03,-47.660175E-03,-442.381276E-03
-2.107500E-03,-38.395100E-03,-455.886301E-03
-2.105000E-03,-28.501884E-03,-467.349869E-03
-2.102500E-03,-13.112437E-03,-476.143839E-03
-2.100000E-03,-1.805905E-03,-491.376251E-03
-2.097500E-03,+5.103643E-03,-503.467959E-03
-2.095000E-03,+16.253141E-03,-511.790823E-03
-2.092500E-03,+30.543341E-03,-520.427758E-03
-2.090000E-03,+40.907663E-03,-535.974240E-03
-2.087500E-03,+50.486809E-03,-546.966702E-03
-2.085000E-03,+65.719220E-03,-556.388813E-03
-2.082500E-03,+77.496858E-03,-569.422732E-03
-2.080000E-03,+82.679019E-03,-580.415195E-03
-2.077500E-03,+95.398868E-03,-590.936551E-03
-2.075000E-03,+108.746858E-03,-600.829767E-03
-2.072500E-03,+118.954144E-03,-614.020722E-03
-2.070000E-03,+126.962938E-03,-628.310923E-03
-2.067500E-03,+141.567210E-03,-638.675244E-03
-2.065000E-03,+153.030777E-03,-648.568460E-03
-2.062500E-03,+161.039571E-03,-660.346098E-03
-2.060000E-03,+169.048365E-03,-670.710420E-03
-2.057500E-03,+183.338566E-03,-679.975495E-03
-2.055000E-03,+197.785802E-03,-694.893837E-03
-2.052500E-03,+208.778264E-03,-706.200369E-03
-2.050000E-03,+222.597359E-03,-715.151374E-03
-2.047500E-03,+236.730525E-03,-729.284540E-03
-2.045000E-03,+243.483038E-03,-741.533283E-03
-2.042500E-03,+254.475500E-03,-751.426499E-03
-2.040000E-03,+269.079771E-03,-762.575997E-03
-2.037500E-03,+281.014444E-03,-776.395092E-03
-2.035000E-03,+287.295851E-03,-786.445343E-03
-2.032500E-03,+302.057158E-03,-795.239313E-03
-2.030000E-03,+316.033288E-03,-807.959162E-03
-2.027500E-03,+322.785801E-03,-820.993081E-03
-2.025000E-03,+333.150122E-03,-832.770719E-03
-2.022500E-03,+348.382534E-03,-842.349865E-03
-2.020000E-03,+359.689066E-03,-855.854890E-03
-2.017500E-03,+369.111177E-03,-867.004387E-03
-2.015000E-03,+385.442835E-03,-876.112428E-03
-2.012500E-03,+398.162684E-03,-889.617453E-03
-2.010000E-03,+405.700373E-03,-901.866196E-03
-2.007500E-03,+416.535800E-03,-911.445342E-03
-2.005000E-03,+430.354895E-03,-918.040819E-03
-2.002500E-03,+441.033287E-03,-930.289563E-03
-2.000000E-03,+449.984292E-03,-942.852377E-03
-1.997500E-03,+462.547106E-03,-950.390065E-03
-1.995000E-03,+476.366201E-03,-961.068457E-03
-1.992500E-03,+484.689065E-03,-972.217954E-03
-1.990000E-03,+495.367457E-03,-984.466698E-03
-1.987500E-03,+509.657658E-03,-994.045843E-03
-1.985000E-03,+520.964190E-03,-1.004410165E+00
-1.982500E-03,+530.229266E-03,-1.018386295E+00
-1.980000E-03,+543.263185E-03,-1.027808406E+00
-1.977500E-03,+555.825999E-03,-1.036445340E+00
-1.975000E-03,+564.619969E-03,-1.046652627E+00
-1.972500E-03,+574.513185E-03,-1.059529511E+00
-1.970000E-03,+590.687808E-03,-1.071935290E+00
-1.967500E-03,+601.052129E-03,-1.082927752E+00
-1.965000E-03,+607.333536E-03,-1.094705390E+00
-1.962500E-03,+616.912682E-03,-1.107425239E+00
-1.960000E-03,+631.359918E-03,-1.115905139E+00
-1.957500E-03,+641.410169E-03,-1.123128757E+00
-1.955000E-03,+649.104893E-03,-1.135220465E+00
-1.952500E-03,+662.766953E-03,-1.147155138E+00
-1.950000E-03,+674.858661E-03,-1.154849862E+00
-1.947500E-03,+682.082279E-03,-1.162701620E+00
-1.945000E-03,+689.462932E-03,-1.175578505E+00
-1.942500E-03,+701.083535E-03,-1.186099861E+00
-1.940000E-03,+713.803384E-03,-1.193480515E+00
-1.937500E-03,+723.382530E-03,-1.203373731E+00
-1.935000E-03,+732.647605E-03,-1.215465439E+00
-1.932500E-03,+743.483032E-03,-1.226457901E+00
-1.930000E-03,+756.359917E-03,-1.236037047E+00
-1.927500E-03,+765.153886E-03,-1.247500615E+00
-1.925000E-03,+772.220469E-03,-1.259592323E+00
-1.922500E-03,+786.824740E-03,-1.270427750E+00
-1.920000E-03,+798.445343E-03,-1.277965438E+00
-1.917500E-03,+806.768207E-03,-1.286131267E+00
-1.915000E-03,+816.661423E-03,-1.296809659E+00
-1.912500E-03,+831.893835E-03,-1.308273227E+00
-1.910000E-03,+840.844840E-03,-1.315496845E+00
-1.907500E-03,+845.712931E-03,-1.322406393E+00
-1.905000E-03,+853.564689E-03,-1.332770714E+00
-1.902500E-03,+869.111172E-03,-1.345176493E+00
-1.900000E-03,+879.632528E-03,-1.352086041E+00
-1.897500E-03,+886.070970E-03,-1.357111166E+00
-1.895000E-03,+893.922729E-03,-1.365591066E+00
-1.892500E-03,+907.898860E-03,-1.378467950E+00
-1.890000E-03,+918.734287E-03,-1.389303377E+00
-1.887500E-03,+925.015694E-03,-1.398411417E+00
-1.885000E-03,+930.354890E-03,-1.408932774E+00
-1.882500E-03,+940.405141E-03,-1.418668954E+00
-1.880000E-03,+952.496849E-03,-1.428562170E+00
-1.877500E-03,+961.290819E-03,-1.434215437E+00
-1.875000E-03,+966.158909E-03,-1.439711668E+00
-1.872500E-03,+976.209160E-03,-1.450233024E+00
-1.870000E-03,+986.887552E-03,-1.461539557E+00
-1.867500E-03,+997.251874E-03,-1.469862421E+00
-1.865000E-03,+1.005260668E+00,-1.476143828E+00
-1.862500E-03,+1.013897602E+00,-1.482111165E+00
-1.860000E-03,+1.027088557E+00,-1.491847346E+00
-1.857500E-03,+1.037452878E+00,-1.502211667E+00
-1.855000E-03,+1.044990567E+00,-1.512104883E+00
-1.852500E-03,+1.050329763E+00,-1.518543325E+00
-1.850000E-03,+1.058495592E+00,-1.524667697E+00
-1.847500E-03,+1.069645089E+00,-1.533461667E+00
-1.845000E-03,+1.078910164E+00,-1.543825988E+00
-1.842500E-03,+1.086290818E+00,-1.552305888E+00
-1.840000E-03,+1.092415189E+00,-1.557016943E+00
-1.837500E-03,+1.102936546E+00,-1.564397596E+00
-1.835000E-03,+1.115342325E+00,-1.574761918E+00
-1.832500E-03,+1.123822224E+00,-1.586853626E+00
-1.830000E-03,+1.128376244E+00,-1.593135033E+00
-1.827500E-03,+1.132930264E+00,-1.598788299E+00
-1.825000E-03,+1.142195340E+00,-1.606011917E+00
-1.822500E-03,+1.154130013E+00,-1.616376239E+00
-1.820000E-03,+1.162766947E+00,-1.626583525E+00
-1.817500E-03,+1.167006897E+00,-1.633179002E+00
-1.815000E-03,+1.173445339E+00,-1.639146339E+00
-1.812500E-03,+1.184751872E+00,-1.647155133E+00
-1.810000E-03,+1.196215439E+00,-1.656106138E+00
-1.807500E-03,+1.202967952E+00,-1.664900108E+00
-1.805000E-03,+1.206893831E+00,-1.670396339E+00
-1.802500E-03,+1.209249359E+00,-1.675735535E+00
-1.800000E-03,+1.216158907E+00,-1.679190308E+00
-1.797500E-03,+1.226209158E+00,-1.686099856E+00
-1.795000E-03,+1.236416444E+00,-1.694422720E+00
-1.792500E-03,+1.242383781E+00,-1.702745585E+00
-1.790000E-03,+1.247094836E+00,-1.708398851E+00
-1.787500E-03,+1.252905137E+00,-1.715151363E+00
-1.785000E-03,+1.259657650E+00,-1.719234278E+00
-1.782500E-03,+1.269079760E+00,-1.723003122E+00
-1.780000E-03,+1.275989308E+00,-1.730226740E+00
-1.777500E-03,+1.283526996E+00,-1.739491815E+00
-1.775000E-03,+1.289337298E+00,-1.749856137E+00
-1.772500E-03,+1.292478001E+00,-1.755980509E+00
-1.770000E-03,+1.299230514E+00,-1.760691564E+00
-1.767500E-03,+1.307710413E+00,-1.765873725E+00
-1.765000E-03,+1.314462926E+00,-1.771212920E+00
-1.762500E-03,+1.321843579E+00,-1.779064679E+00
-1.760000E-03,+1.325612423E+00,-1.786602368E+00
-1.757500E-03,+1.330794584E+00,-1.794925232E+00
-1.755000E-03,+1.333307147E+00,-1.798537041E+00
-1.752500E-03,+1.339431518E+00,-1.802619955E+00
-1.750000E-03,+1.348068453E+00,-1.809058397E+00
-1.747500E-03,+1.353721719E+00,-1.813298347E+00
-1.745000E-03,+1.361730513E+00,-1.822877493E+00
-1.742500E-03,+1.366284533E+00,-1.830886287E+00
-1.740000E-03,+1.369111166E+00,-1.834498096E+00
-1.737500E-03,+1.372251870E+00,-1.837795834E+00
-1.735000E-03,+1.379318453E+00,-1.840465432E+00
-1.732500E-03,+1.383087297E+00,-1.842192819E+00
-1.730000E-03,+1.392823478E+00,-1.846903874E+00
-1.727500E-03,+1.400047096E+00,-1.853970457E+00
-1.725000E-03,+1.403815940E+00,-1.857111161E+00
-1.722500E-03,+1.407270714E+00,-1.864334779E+00
-1.720000E-03,+1.408684030E+00,-1.867004377E+00
-1.717500E-03,+1.412138804E+00,-1.873285784E+00
-1.715000E-03,+1.415436543E+00,-1.875170206E+00
-1.712500E-03,+1.423445337E+00,-1.878310909E+00
-1.710000E-03,+1.426586040E+00,-1.880195331E+00
-1.707500E-03,+1.436008150E+00,-1.884435281E+00
-1.705000E-03,+1.441818452E+00,-1.889617442E+00
-1.702500E-03,+1.446372472E+00,-1.895113673E+00
-1.700000E-03,+1.447314683E+00,-1.897940306E+00
-1.697500E-03,+1.450298351E+00,-1.905163924E+00
-1.695000E-03,+1.450612422E+00,-1.906106135E+00
-1.692500E-03,+1.455166442E+00,-1.912387542E+00
-1.690000E-03,+1.456893829E+00,-1.914428999E+00
-1.687500E-03,+1.460976743E+00,-1.915842316E+00
-1.685000E-03,+1.467258150E+00,-1.918825984E+00
-1.682500E-03,+1.474952874E+00,-1.921495582E+00
-1.680000E-03,+1.479663929E+00,-1.923694075E+00
-1.677500E-03,+1.479663929E+00,-1.923694075E+00
-1.675000E-03,+1.484532019E+00,-1.928248095E+00
-1.672500E-03,+1.486730512E+00,-1.929818446E+00
-1.670000E-03,+1.487044582E+00,-1.930760657E+00
-1.667500E-03,+1.489714180E+00,-1.937356135E+00
-1.665000E-03,+1.490656391E+00,-1.938769451E+00
-1.662500E-03,+1.490813426E+00,-1.939868698E+00
-1.660000E-03,+1.496309657E+00,-1.944265682E+00
-1.657500E-03,+1.498665185E+00,-1.947720456E+00
-1.655000E-03,+1.501491818E+00,-1.949447843E+00
-1.652500E-03,+1.510285788E+00,-1.954158898E+00
-1.650000E-03,+1.512170210E+00,-1.955258145E+00
-1.647500E-03,+1.512484280E+00,-1.955415180E+00
-1.645000E-03,+1.511856140E+00,-1.954630004E+00
-1.642500E-03,+1.518765687E+00,-1.958712918E+00
-1.640000E-03,+1.522377496E+00,-1.960126235E+00
-1.637500E-03,+1.523476742E+00,-1.960911411E+00
-1.635000E-03,+1.523476742E+00,-1.961068446E+00
-1.632500E-03,+1.523947848E+00,-1.960126235E+00
-1.630000E-03,+1.525361165E+00,-1.962010657E+00
-1.627500E-03,+1.527402622E+00,-1.965779501E+00
-1.625000E-03,+1.528344833E+00,-1.966407642E+00
-1.622500E-03,+1.528658903E+00,-1.966721712E+00
-1.620000E-03,+1.528501868E+00,-1.966250607E+00
-1.617500E-03,+1.528501868E+00,-1.965779501E+00
-1.615000E-03,+1.528501868E+00,-1.966250607E+00
-1.612500E-03,+1.528187798E+00,-1.964994325E+00
-1.610000E-03,+1.528187798E+00,-1.965151361E+00
-1.607500E-03,+1.528658903E+00,-1.965465431E+00
-1.605000E-03,+1.530857396E+00,-1.970804627E+00
-1.602500E-03,+1.531956642E+00,-1.972217943E+00
-1.600000E-03,+1.531799607E+00,-1.972532014E+00
-1.597500E-03,+1.531956642E+00,-1.971903873E+00
-1.595000E-03,+1.531328501E+00,-1.971589803E+00
-1.592500E-03,+1.531328501E+00,-1.971432768E+00
-1.590000E-03,+1.531328501E+00,-1.971118697E+00
-1.587500E-03,+1.531485536E+00,-1.971118697E+00
-1.585000E-03,+1.531956642E+00,-1.970490557E+00
-1.582500E-03,+1.532113677E+00,-1.970490557E+00
-1.580000E-03,+1.531956642E+00,-1.969234275E+00
-1.577500E-03,+1.530857396E+00,-1.966093572E+00
-1.575000E-03,+1.528344833E+00,-1.962638798E+00
-1.572500E-03,+1.528187798E+00,-1.961696587E+00
-1.570000E-03,+1.528658903E+00,-1.961696587E+00
-1.567500E-03,+1.528501868E+00,-1.961382516E+00
-1.565000E-03,+1.528658903E+00,-1.961068446E+00
-1.562500E-03,+1.528658903E+00,-1.961068446E+00
-1.560000E-03,+1.528344833E+00,-1.960283270E+00
-1.557500E-03,+1.528344833E+00,-1.959969200E+00
-1.555000E-03,+1.526774481E+00,-1.957927743E+00
-1.552500E-03,+1.523633778E+00,-1.954472969E+00
-1.550000E-03,+1.523476742E+00,-1.954001863E+00
-1.547500E-03,+1.523790813E+00,-1.953373723E+00
-1.545000E-03,+1.523790813E+00,-1.953530758E+00
-1.542500E-03,+1.523476742E+00,-1.952902617E+00
-1.540000E-03,+1.516253124E+00,-1.946935280E+00
-1.537500E-03,+1.512955386E+00,-1.943480507E+00
-1.535000E-03,+1.512170210E+00,-1.943480507E+00
-1.532500E-03,+1.512484280E+00,-1.943480507E+00
-1.530000E-03,+1.504318451E+00,-1.936256889E+00
-1.527500E-03,+1.500078502E+00,-1.932802115E+00
-1.525000E-03,+1.497408904E+00,-1.930446587E+00
-1.522500E-03,+1.493011919E+00,-1.925264426E+00
-1.520000E-03,+1.491284532E+00,-1.923851110E+00
-1.517500E-03,+1.490656391E+00,-1.922751864E+00
-1.515000E-03,+1.488143828E+00,-1.920082266E+00
-1.512500E-03,+1.486887547E+00,-1.918354879E+00
-1.510000E-03,+1.486416441E+00,-1.918354879E+00
-1.507500E-03,+1.482019456E+00,-1.914114929E+00
-1.505000E-03,+1.480135034E+00,-1.912230507E+00
-1.502500E-03,+1.479820964E+00,-1.911445331E+00
-1.500000E-03,+1.472126241E+00,-1.904849854E+00
-1.497500E-03,+1.467258150E+00,-1.899510658E+00
-1.495000E-03,+1.459092321E+00,-1.890559653E+00
-1.492500E-03,+1.457364934E+00,-1.888832266E+00
-1.490000E-03,+1.453753125E+00,-1.884435281E+00
-1.487500E-03,+1.451554633E+00,-1.880980507E+00
-1.485000E-03,+1.449199105E+00,-1.878467944E+00
-1.482500E-03,+1.447314683E+00,-1.875955382E+00
-1.480000E-03,+1.444488050E+00,-1.872814678E+00
-1.477500E-03,+1.440091065E+00,-1.867632517E+00
-1.475000E-03,+1.429726743E+00,-1.858053372E+00
-1.472500E-03,+1.426114934E+00,-1.855383774E+00
-1.470000E-03,+1.418420211E+00,-1.848788297E+00
-1.467500E-03,+1.414651367E+00,-1.845804628E+00
-1.465000E-03,+1.411353628E+00,-1.842035784E+00
-1.462500E-03,+1.408684030E+00,-1.840151362E+00
-1.460000E-03,+1.406014432E+00,-1.837010658E+00
-1.457500E-03,+1.403344834E+00,-1.834812166E+00
-1.455000E-03,+1.396435287E+00,-1.829315935E+00
-1.452500E-03,+1.387170211E+00,-1.819108649E+00
-1.450000E-03,+1.382930262E+00,-1.815025734E+00
-1.447500E-03,+1.375392573E+00,-1.806702870E+00
-1.445000E-03,+1.371780764E+00,-1.802934026E+00
-1.442500E-03,+1.369111166E+00,-1.798851111E+00
-1.440000E-03,+1.365656392E+00,-1.794140056E+00
-1.437500E-03,+1.358432774E+00,-1.785032016E+00
-1.435000E-03,+1.352622473E+00,-1.777337292E+00
-1.432500E-03,+1.342415187E+00,-1.769014428E+00
-1.430000E-03,+1.337547096E+00,-1.764617443E+00
-1.427500E-03,+1.332050865E+00,-1.759435282E+00
-1.425000E-03,+1.328753126E+00,-1.752996840E+00
-1.422500E-03,+1.325298353E+00,-1.743103624E+00
-1.420000E-03,+1.318702875E+00,-1.735094830E+00
-1.417500E-03,+1.312578504E+00,-1.726929001E+00
-1.415000E-03,+1.302999358E+00,-1.721118700E+00
-1.412500E-03,+1.295147599E+00,-1.716721715E+00
-1.410000E-03,+1.290593579E+00,-1.713581012E+00
-1.407500E-03,+1.285411418E+00,-1.705101112E+00
-1.405000E-03,+1.282113680E+00,-1.697877494E+00
-1.402500E-03,+1.272691569E+00,-1.688926489E+00
-1.400000E-03,+1.263740564E+00,-1.682645082E+00
-1.397500E-03,+1.256673982E+00,-1.679504379E+00
-1.395000E-03,+1.249450364E+00,-1.673222972E+00
-1.392500E-03,+1.245838554E+00,-1.667726741E+00
-1.390000E-03,+1.240970464E+00,-1.658932771E+00
-1.387500E-03,+1.232176494E+00,-1.649824731E+00
-1.385000E-03,+1.223539560E+00,-1.643229254E+00
-1.382500E-03,+1.213489309E+00,-1.635534530E+00
-1.380000E-03,+1.209406394E+00,-1.629410158E+00
-1.377500E-03,+1.205009409E+00,-1.619673977E+00
-1.375000E-03,+1.199827248E+00,-1.609937797E+00
-1.372500E-03,+1.190405138E+00,-1.603185284E+00
-1.370000E-03,+1.178313430E+00,-1.595333525E+00
-1.367500E-03,+1.169833530E+00,-1.587795837E+00
-1.365000E-03,+1.165122475E+00,-1.577588551E+00
-1.362500E-03,+1.159469209E+00,-1.568480511E+00
-1.360000E-03,+1.149733028E+00,-1.560785787E+00
-1.357500E-03,+1.136228003E+00,-1.553876239E+00
-1.355000E-03,+1.130731772E+00,-1.548065938E+00
-1.352500E-03,+1.126962928E+00,-1.538800863E+00
-1.350000E-03,+1.121466697E+00,-1.528436541E+00
-1.347500E-03,+1.110474234E+00,-1.519485536E+00
-1.345000E-03,+1.098382526E+00,-1.513675235E+00
-1.342500E-03,+1.090844838E+00,-1.504724230E+00
-1.340000E-03,+1.083778255E+00,-1.492946592E+00
-1.337500E-03,+1.073885039E+00,-1.482739305E+00
-1.335000E-03,+1.063520717E+00,-1.477400110E+00
-1.332500E-03,+1.053470466E+00,-1.472532019E+00
-1.330000E-03,+1.047974235E+00,-1.463895085E+00
-1.327500E-03,+1.041064687E+00,-1.449918954E+00
-1.325000E-03,+1.030857401E+00,-1.441439055E+00
-1.322500E-03,+1.018765693E+00,-1.435000613E+00
-1.320000E-03,+1.010442828E+00,-1.429661417E+00
-1.317500E-03,+1.001805894E+00,-1.415999356E+00
-1.315000E-03,+993.011924E-03,-1.407362422E+00
-1.312500E-03,+980.135040E-03,-1.397312171E+00
-1.310000E-03,+971.027000E-03,-1.388047095E+00
-1.307500E-03,+964.902628E-03,-1.374385035E+00
-1.305000E-03,+957.364939E-03,-1.364020714E+00
-1.302500E-03,+944.959161E-03,-1.356797096E+00
-1.300000E-03,+934.280769E-03,-1.351300865E+00
-1.297500E-03,+927.685292E-03,-1.341250614E+00
-1.295000E-03,+923.445342E-03,-1.332142573E+00
-1.292500E-03,+914.180267E-03,-1.322249357E+00
-1.290000E-03,+898.319714E-03,-1.313926493E+00
-1.287500E-03,+889.839815E-03,-1.305289559E+00
-1.285000E-03,+883.872478E-03,-1.294925237E+00
-1.282500E-03,+876.020719E-03,-1.284246845E+00
-1.280000E-03,+861.259413E-03,-1.276081016E+00
-1.277500E-03,+850.895091E-03,-1.268543328E+00
-1.275000E-03,+845.241825E-03,-1.257236795E+00
-1.272500E-03,+836.761926E-03,-1.244673981E+00
-1.270000E-03,+822.785795E-03,-1.234623730E+00
-1.267500E-03,+812.264439E-03,-1.225044585E+00
-1.265000E-03,+804.726750E-03,-1.213738052E+00
-1.262500E-03,+794.048358E-03,-1.200390062E+00
-1.260000E-03,+781.171474E-03,-1.192381268E+00
-1.257500E-03,+769.864942E-03,-1.182802123E+00
-1.255000E-03,+762.955394E-03,-1.169768203E+00
-1.252500E-03,+752.434037E-03,-1.158147600E+00
-1.250000E-03,+739.400118E-03,-1.149667701E+00
-1.247500E-03,+728.878761E-03,-1.138675239E+00
-1.245000E-03,+720.555897E-03,-1.126426495E+00
-1.242500E-03,+710.034540E-03,-1.118417701E+00
-1.240000E-03,+696.058410E-03,-1.111037048E+00
-1.237500E-03,+686.322229E-03,-1.098317199E+00
-1.235000E-03,+678.470470E-03,-1.082770717E+00
-1.232500E-03,+667.635043E-03,-1.074447853E+00
-1.230000E-03,+654.601124E-03,-1.063141320E+00
-1.227500E-03,+645.650119E-03,-1.048851119E+00
-1.225000E-03,+637.484290E-03,-1.038957903E+00
-1.222500E-03,+624.764441E-03,-1.029221722E+00
-1.220000E-03,+611.416451E-03,-1.015245592E+00
-1.217500E-03,+604.820973E-03,-1.004410165E+00
-1.215000E-03,+597.126250E-03,-995.773230E-03
-1.212500E-03,+580.951627E-03,-984.152627E-03
-1.210000E-03,+568.859919E-03,-970.019462E-03
-1.207500E-03,+562.107406E-03,-959.498105E-03
-1.205000E-03,+548.916451E-03,-950.075995E-03
-1.202500E-03,+535.568462E-03,-940.653884E-03
-1.200000E-03,+525.832281E-03,-929.347352E-03
-1.197500E-03,+515.310924E-03,-918.197854E-03
-1.195000E-03,+501.020723E-03,-910.503131E-03
-1.192500E-03,+490.028261E-03,-899.824739E-03
-1.190000E-03,+481.862432E-03,-885.377503E-03
-1.187500E-03,+471.027005E-03,-875.955392E-03
-1.185000E-03,+455.637558E-03,-865.591071E-03
-1.182500E-03,+445.587307E-03,-852.400116E-03
-1.180000E-03,+435.380020E-03,-838.423986E-03
-1.177500E-03,+422.189066E-03,-829.001875E-03
-1.175000E-03,+411.039568E-03,-816.124991E-03
-1.172500E-03,+403.344845E-03,-801.991825E-03
-1.170000E-03,+393.922734E-03,-793.197856E-03
-1.167500E-03,+378.062182E-03,-781.420218E-03
-1.165000E-03,+365.499368E-03,-767.444087E-03
-1.162500E-03,+354.820976E-03,-756.765695E-03
-1.160000E-03,+342.101127E-03,-747.971725E-03
-1.157500E-03,+328.596102E-03,-732.739314E-03
-1.155000E-03,+321.686554E-03,-719.705394E-03
-1.152500E-03,+310.537057E-03,-709.655143E-03
-1.150000E-03,+293.263188E-03,-696.307153E-03
-1.147500E-03,+285.097359E-03,-683.430269E-03
-1.145000E-03,+276.931530E-03,-674.636299E-03
-1.142500E-03,+262.327258E-03,-663.015696E-03
-1.140000E-03,+249.450374E-03,-650.609917E-03
-1.137500E-03,+243.011932E-03,-639.303385E-03
-1.135000E-03,+232.176505E-03,-627.996852E-03
-1.132500E-03,+216.315952E-03,-613.392581E-03
-1.130000E-03,+205.009420E-03,-599.730521E-03
-1.127500E-03,+192.603641E-03,-589.680270E-03
-1.125000E-03,+177.214194E-03,-577.117456E-03
-1.122500E-03,+166.378767E-03,-565.496853E-03
-1.120000E-03,+159.783290E-03,-554.661426E-03
-1.117500E-03,+147.848617E-03,-545.239316E-03
-1.115000E-03,+134.657662E-03,-532.362431E-03
-1.112500E-03,+123.979270E-03,-518.229266E-03
-1.110000E-03,+114.871230E-03,-508.021979E-03
-1.107500E-03,+101.052135E-03,-496.087306E-03
-1.105000E-03,+88.332285E-03,-482.425246E-03
-1.102500E-03,+81.893843E-03,-472.060924E-03
-1.100000E-03,+74.513190E-03,-461.539568E-03
-1.097500E-03,+59.751884E-03,-446.935296E-03
-1.095000E-03,+47.032035E-03,-436.099869E-03
-1.092500E-03,+37.452889E-03,-425.892583E-03
-1.090000E-03,+25.047110E-03,-412.858664E-03
-1.087500E-03,+10.442839E-03,-399.510674E-03
-1.085000E-03,+2.591080E-03,-389.931528E-03
-1.082500E-03,-6.202889E-03,-376.740574E-03
-1.080000E-03,-19.393844E-03,-363.549619E-03
-1.077500E-03,-31.956658E-03,-353.342333E-03
-1.075000E-03,-39.808417E-03,-341.721730E-03
-1.072500E-03,-53.313442E-03,-327.902634E-03
-1.070000E-03,-67.603642E-03,-315.496856E-03
-1.067500E-03,-78.753140E-03,-304.818464E-03
-1.065000E-03,-87.704145E-03,-291.470474E-03
-1.062500E-03,-102.151381E-03,-279.221730E-03
-1.060000E-03,-115.342335E-03,-267.758163E-03
-1.057500E-03,-124.607411E-03,-255.980525E-03
-1.055000E-03,-137.955401E-03,-242.632535E-03
-1.052500E-03,-152.559672E-03,-231.797108E-03
-1.050000E-03,-160.254395E-03,-219.705399E-03
-1.047500E-03,-170.304646E-03,-205.572234E-03
-1.045000E-03,-186.793340E-03,-193.166455E-03
-1.042500E-03,-195.273239E-03,-184.843591E-03
-1.040000E-03,-202.496857E-03,-172.594847E-03
-1.037500E-03,-217.729269E-03,-158.304646E-03
-1.035000E-03,-231.548364E-03,-149.039571E-03
-1.032500E-03,-240.185299E-03,-138.047109E-03
-1.030000E-03,-250.706656E-03,-124.228014E-03
-1.027500E-03,-266.881279E-03,-113.549622E-03
-1.025000E-03,-277.402635E-03,-105.069722E-03
-1.022500E-03,-284.940324E-03,-92.192838E-03
-1.020000E-03,-300.800876E-03,-79.315954E-03
-1.017500E-03,-312.264444E-03,-70.993089E-03
-1.015000E-03,-320.430273E-03,-59.686557E-03
-1.012500E-03,-330.480524E-03,-44.454145E-03
-1.010000E-03,-345.084795E-03,-33.461683E-03
-1.007500E-03,-355.292082E-03,-26.081030E-03
-1.005000E-03,-361.573489E-03,-13.989321E-03
-1.002500E-03,-371.780775E-03,-955.402E-06
-1.000000E-03,-389.211679E-03,+8.623744E-03
-997.500E-06,-398.633790E-03,+17.574749E-03
-995.000E-06,-405.857408E-03,+29.352387E-03
-992.500E-06,-421.560925E-03,+43.799623E-03
-990.000E-06,-433.966704E-03,+51.023241E-03
-987.500E-06,-441.661427E-03,+60.759422E-03
-985.000E-06,-450.612432E-03,+73.636306E-03
-982.500E-06,-468.200372E-03,+87.141331E-03
-980.000E-06,-478.564693E-03,+96.092336E-03
-977.500E-06,-485.003136E-03,+108.341079E-03
-975.000E-06,-499.450372E-03,+122.160175E-03
-972.500E-06,-512.327256E-03,+131.111180E-03
-970.000E-06,-521.121226E-03,+140.533290E-03
-967.500E-06,-530.700371E-03,+155.137561E-03
-965.000E-06,-546.089818E-03,+166.758164E-03
-962.500E-06,-556.768210E-03,+172.882536E-03
-960.000E-06,-564.148863E-03,+184.346104E-03
-957.500E-06,-573.099868E-03,+198.165199E-03
-955.000E-06,-587.547104E-03,+207.587310E-03
-952.500E-06,-598.068461E-03,+217.323490E-03
-950.000E-06,-606.077255E-03,+231.142586E-03
-947.500E-06,-618.483034E-03,+242.763189E-03
-945.000E-06,-631.516953E-03,+251.243088E-03
-942.500E-06,-640.624993E-03,+259.251882E-03
-940.000E-06,-648.476752E-03,+270.715450E-03
-937.500E-06,-660.568460E-03,+282.807158E-03
-935.000E-06,-674.073485E-03,+292.229268E-03
-932.500E-06,-682.710420E-03,+303.692836E-03
-930.000E-06,-691.661425E-03,+315.470474E-03
-927.500E-06,-704.852379E-03,+326.462936E-03
-925.000E-06,-716.787053E-03,+334.471730E-03
-922.500E-06,-724.324741E-03,+343.893841E-03
-920.000E-06,-732.647605E-03,+356.613690E-03
-917.500E-06,-747.722982E-03,+366.820976E-03
-915.000E-06,-757.773233E-03,+374.358665E-03
-912.500E-06,-763.426499E-03,+381.582283E-03
-910.000E-06,-774.418962E-03,+396.343589E-03
-907.500E-06,-786.039564E-03,+406.079770E-03
-905.000E-06,-796.403886E-03,+413.617458E-03
-902.500E-06,-802.842328E-03,+421.312182E-03
-900.000E-06,-812.264439E-03,+435.131277E-03
-897.500E-06,-823.099866E-03,+446.280774E-03
-895.000E-06,-834.249363E-03,+452.405146E-03
-892.500E-06,-842.101122E-03,+460.099870E-03
-890.000E-06,-849.167704E-03,+471.249367E-03
-887.500E-06,-858.903885E-03,+481.770724E-03
-885.000E-06,-869.582277E-03,+489.779518E-03
-882.500E-06,-878.376247E-03,+497.945347E-03
-880.000E-06,-883.087302E-03,+505.011929E-03
-877.500E-06,-886.699111E-03,+514.277005E-03
-875.000E-06,-892.352377E-03,+522.756904E-03
-872.500E-06,-903.658910E-03,+529.352381E-03
-870.000E-06,-913.552126E-03,+534.534542E-03
-867.500E-06,-919.048357E-03,+539.245597E-03
-865.000E-06,-922.346096E-03,+546.155145E-03
-862.500E-06,-926.743081E-03,+555.106150E-03
-860.000E-06,-932.239312E-03,+561.544592E-03
-857.500E-06,-937.892578E-03,+567.197858E-03
-855.000E-06,-946.058407E-03,+571.280773E-03
-852.500E-06,-953.596095E-03,+575.834793E-03
-850.000E-06,-958.464186E-03,+579.446602E-03
-847.500E-06,-960.976749E-03,+582.744341E-03
-845.000E-06,-962.547100E-03,+587.612431E-03
-842.500E-06,-964.588558E-03,+591.852381E-03
-840.000E-06,-966.472980E-03,+598.290823E-03
-837.500E-06,-969.142578E-03,+600.803386E-03
-835.000E-06,-973.225492E-03,+603.315949E-03
-832.500E-06,-978.250618E-03,+607.241828E-03
-830.000E-06,-984.689060E-03,+609.283285E-03
-827.500E-06,-989.714185E-03,+611.324742E-03
-825.000E-06,-993.325994E-03,+612.266953E-03
-822.500E-06,-997.251874E-03,+613.837305E-03
-820.000E-06,-999.607401E-03,+614.936551E-03
-817.500E-06,-1.002119964E+00,+616.035798E-03
-815.000E-06,-1.004004386E+00,+617.763185E-03
-812.500E-06,-1.005417703E+00,+618.548360E-03
-810.000E-06,-1.008087301E+00,+621.060923E-03
-807.500E-06,-1.010442828E+00,+623.887556E-03
-805.000E-06,-1.012955391E+00,+624.986803E-03
-802.500E-06,-1.014839813E+00,+625.457908E-03
-800.000E-06,-1.018294587E+00,+627.813436E-03
-797.500E-06,-1.022220466E+00,+630.640069E-03
-795.000E-06,-1.026146346E+00,+633.309667E-03
-792.500E-06,-1.030386295E+00,+635.351124E-03
-790.000E-06,-1.033369964E+00,+637.235546E-03
-787.500E-06,-1.036667702E+00,+639.748109E-03
-785.000E-06,-1.038238054E+00,+641.475496E-03
-782.500E-06,-1.040436547E+00,+643.045848E-03
-780.000E-06,-1.041849863E+00,+645.087305E-03
-777.500E-06,-1.043106145E+00,+646.186551E-03
-775.000E-06,-1.044048356E+00,+646.971727E-03
-772.500E-06,-1.045304637E+00,+648.385044E-03
-770.000E-06,-1.046246848E+00,+649.798360E-03
-767.500E-06,-1.047817200E+00,+650.897606E-03
-765.000E-06,-1.049073481E+00,+651.839817E-03
-762.500E-06,-1.051114938E+00,+651.996853E-03
-760.000E-06,-1.053470466E+00,+652.939064E-03
-757.500E-06,-1.055983029E+00,+654.038310E-03
-755.000E-06,-1.060222979E+00,+654.352380E-03
-752.500E-06,-1.063834788E+00,+654.666451E-03
-750.000E-06,-1.067132526E+00,+655.608662E-03
-747.500E-06,-1.069331019E+00,+656.079767E-03
-745.000E-06,-1.071843581E+00,+655.922732E-03
-742.500E-06,-1.075612426E+00,+657.336048E-03
-740.000E-06,-1.078910164E+00,+658.121224E-03
-737.500E-06,-1.079852375E+00,+658.592330E-03
-735.000E-06,-1.081736797E+00,+659.220471E-03
-732.500E-06,-1.082521973E+00,+660.476752E-03
-730.000E-06,-1.083778255E+00,+661.104893E-03
-727.500E-06,-1.084877501E+00,+661.418963E-03
-725.000E-06,-1.085819712E+00,+662.047104E-03
-722.500E-06,-1.087233029E+00,+662.518209E-03
-720.000E-06,-1.088489310E+00,+663.303385E-03
-717.500E-06,-1.089902627E+00,+664.088561E-03
-715.000E-06,-1.091944084E+00,+664.716702E-03
-712.500E-06,-1.095084787E+00,+664.402631E-03
-710.000E-06,-1.096969209E+00,+664.716702E-03
-707.500E-06,-1.100423983E+00,+666.287053E-03
-705.000E-06,-1.103564687E+00,+665.815948E-03
-702.500E-06,-1.105763179E+00,+665.815948E-03
-700.000E-06,-1.110003129E+00,+667.229264E-03
-697.500E-06,-1.112672727E+00,+667.700370E-03
-695.000E-06,-1.114871219E+00,+668.485546E-03
-692.500E-06,-1.117226747E+00,+669.741827E-03
-690.000E-06,-1.118954134E+00,+668.799616E-03
-687.500E-06,-1.119896345E+00,+669.741827E-03
-685.000E-06,-1.121466697E+00,+669.741827E-03
-682.500E-06,-1.122880013E+00,+669.898862E-03
-680.000E-06,-1.123508154E+00,+669.898862E-03
-677.500E-06,-1.124607400E+00,+672.568460E-03
-675.000E-06,-1.125549611E+00,+671.312179E-03
-672.500E-06,-1.126020717E+00,+670.998109E-03
-670.000E-06,-1.126962928E+00,+671.469214E-03
-667.500E-06,-1.127748103E+00,+672.411425E-03
-665.000E-06,-1.129318455E+00,+671.783284E-03
-662.500E-06,-1.131045842E+00,+672.568460E-03
-660.000E-06,-1.133401370E+00,+672.568460E-03
-657.500E-06,-1.134186546E+00,+672.725496E-03
-655.000E-06,-1.136070968E+00,+672.411425E-03
-652.500E-06,-1.140467953E+00,+673.353636E-03
-650.000E-06,-1.142509410E+00,+673.667707E-03
-647.500E-06,-1.143922726E+00,+673.039566E-03
-645.000E-06,-1.148790817E+00,+674.138812E-03
-642.500E-06,-1.150989309E+00,+674.138812E-03
-640.000E-06,-1.152088556E+00,+674.138812E-03
-637.500E-06,-1.154130013E+00,+673.667707E-03
-635.000E-06,-1.156171470E+00,+673.353636E-03
-632.500E-06,-1.158526998E+00,+674.295847E-03
-630.000E-06,-1.160097349E+00,+674.138812E-03
-627.500E-06,-1.159940314E+00,+674.452882E-03
-625.000E-06,-1.161039560E+00,+673.196601E-03
-622.500E-06,-1.161667701E+00,+672.097355E-03
-620.000E-06,-1.162609912E+00,+673.039566E-03
-617.500E-06,-1.163081018E+00,+672.097355E-03
-615.000E-06,-1.163395088E+00,+672.725496E-03
-612.500E-06,-1.163552123E+00,+673.196601E-03
-610.000E-06,-1.164180264E+00,+673.353636E-03
-607.500E-06,-1.165122475E+00,+672.882531E-03
-605.000E-06,-1.165436545E+00,+672.411425E-03
-602.500E-06,-1.165593580E+00,+671.783284E-03
-600.000E-06,-1.165907651E+00,+671.155144E-03
-597.500E-06,-1.166064686E+00,+670.684038E-03
-595.000E-06,-1.166535792E+00,+671.312179E-03
-592.500E-06,-1.167635038E+00,+670.369968E-03
-590.000E-06,-1.167635038E+00,+670.369968E-03
-587.500E-06,-1.168577249E+00,+670.212933E-03
-585.000E-06,-1.169519460E+00,+669.741827E-03
-582.500E-06,-1.170932776E+00,+668.642581E-03
-580.000E-06,-1.172032023E+00,+669.741827E-03
-577.500E-06,-1.172660163E+00,+669.113687E-03
-575.000E-06,-1.173916445E+00,+669.270722E-03
-572.500E-06,-1.175015691E+00,+668.485546E-03
-570.000E-06,-1.176900113E+00,+668.171475E-03
-567.500E-06,-1.177371219E+00,+666.915194E-03
-565.000E-06,-1.178470465E+00,+666.130018E-03
-562.500E-06,-1.179255641E+00,+665.972983E-03
-560.000E-06,-1.180825992E+00,+665.815948E-03
-557.500E-06,-1.183024485E+00,+665.972983E-03
-555.000E-06,-1.183966696E+00,+665.187807E-03
-552.500E-06,-1.186165188E+00,+664.716702E-03
-550.000E-06,-1.186008153E+00,+663.617455E-03
-547.500E-06,-1.186008153E+00,+662.361174E-03
-545.000E-06,-1.187421470E+00,+662.047104E-03
-542.500E-06,-1.189148857E+00,+661.890069E-03
-540.000E-06,-1.190091068E+00,+662.204139E-03
-537.500E-06,-1.191033279E+00,+660.319717E-03
-535.000E-06,-1.191347349E+00,+659.848611E-03
-532.500E-06,-1.192289560E+00,+659.534541E-03
-530.000E-06,-1.191190314E+00,+658.592330E-03
-527.500E-06,-1.191975490E+00,+658.121224E-03
-525.000E-06,-1.193859912E+00,+657.964189E-03
-522.500E-06,-1.194802123E+00,+658.121224E-03
-520.000E-06,-1.193859912E+00,+656.707908E-03
-517.500E-06,-1.193702877E+00,+656.707908E-03
-515.000E-06,-1.195430264E+00,+656.707908E-03
-512.500E-06,-1.194331017E+00,+655.294591E-03
-510.000E-06,-1.195116193E+00,+655.137556E-03
-507.500E-06,-1.195273228E+00,+654.195345E-03
-505.000E-06,-1.194173982E+00,+653.881275E-03
-502.500E-06,-1.194802123E+00,+652.782028E-03
-500.000E-06,-1.194016947E+00,+652.467958E-03
-497.500E-06,-1.195587299E+00,+651.996853E-03
-495.000E-06,-1.194645088E+00,+650.897606E-03
-492.500E-06,-1.194173982E+00,+650.426501E-03
-490.000E-06,-1.194959158E+00,+650.269466E-03
-487.500E-06,-1.193545841E+00,+648.699114E-03
-485.000E-06,-1.194331017E+00,+648.385044E-03
-482.500E-06,-1.193074736E+00,+647.442832E-03
-480.000E-06,-1.190876244E+00,+646.343586E-03
-477.500E-06,-1.190719208E+00,+644.773235E-03
-475.000E-06,-1.189148857E+00,+643.516953E-03
-472.500E-06,-1.188363681E+00,+642.888812E-03
-470.000E-06,-1.187578505E+00,+641.318461E-03
-467.500E-06,-1.187107399E+00,+640.376250E-03
-465.000E-06,-1.185537048E+00,+638.020722E-03
-462.500E-06,-1.183338555E+00,+636.136300E-03
-460.000E-06,-1.183338555E+00,+635.508159E-03
-457.500E-06,-1.181297098E+00,+633.152632E-03
-455.000E-06,-1.178941570E+00,+629.854893E-03
-452.500E-06,-1.177371219E+00,+628.598612E-03
-450.000E-06,-1.175957902E+00,+627.342330E-03
-447.500E-06,-1.174073480E+00,+625.300873E-03
-445.000E-06,-1.173445339E+00,+624.044592E-03
-442.500E-06,-1.171403882E+00,+621.689064E-03
-440.000E-06,-1.169833530E+00,+619.647607E-03
-437.500E-06,-1.168420214E+00,+619.333536E-03
-435.000E-06,-1.167478003E+00,+617.292079E-03
-432.500E-06,-1.166378756E+00,+616.035798E-03
-430.000E-06,-1.165907651E+00,+615.407657E-03
-427.500E-06,-1.165593580E+00,+614.779516E-03
-425.000E-06,-1.164808405E+00,+613.837305E-03
-422.500E-06,-1.164180264E+00,+612.581024E-03
-420.000E-06,-1.163866194E+00,+612.581024E-03
-417.500E-06,-1.163238053E+00,+611.010672E-03
-415.000E-06,-1.161510666E+00,+609.911426E-03
-412.500E-06,-1.160725490E+00,+608.027004E-03
-410.000E-06,-1.158841068E+00,+605.828511E-03
-407.500E-06,-1.156171470E+00,+603.787054E-03
-405.000E-06,-1.152873731E+00,+600.175245E-03
-402.500E-06,-1.148947852E+00,+598.290823E-03
-400.000E-06,-1.145179008E+00,+595.621225E-03
-397.500E-06,-1.138583531E+00,+591.224240E-03
-395.000E-06,-1.134029510E+00,+587.141326E-03
-392.500E-06,-1.130260666E+00,+584.000622E-03
-390.000E-06,-1.127748103E+00,+580.859919E-03
-387.500E-06,-1.125863681E+00,+577.405145E-03
-385.000E-06,-1.122565943E+00,+574.107406E-03
-382.500E-06,-1.120367450E+00,+570.338562E-03
-380.000E-06,-1.117383782E+00,+568.297105E-03
-377.500E-06,-1.114243079E+00,+565.941577E-03
-375.000E-06,-1.107804636E+00,+562.486803E-03
-372.500E-06,-1.099481772E+00,+554.949115E-03
-370.000E-06,-1.093357400E+00,+548.353638E-03
-367.500E-06,-1.087704134E+00,+543.014442E-03
-365.000E-06,-1.084092325E+00,+538.774492E-03
-362.500E-06,-1.080794586E+00,+534.534542E-03
-360.000E-06,-1.072314687E+00,+530.137557E-03
-357.500E-06,-1.066033280E+00,+526.525748E-03
-355.000E-06,-1.056611170E+00,+519.616201E-03
-352.500E-06,-1.049073481E+00,+511.607407E-03
-350.000E-06,-1.044519461E+00,+503.127507E-03
-347.500E-06,-1.040436547E+00,+497.317206E-03
-345.000E-06,-1.033055893E+00,+492.135045E-03
-342.500E-06,-1.023162677E+00,+485.853638E-03
-340.000E-06,-1.013112426E+00,+476.117457E-03
-337.500E-06,-1.006202879E+00,+467.637558E-03
-335.000E-06,-1.000863683E+00,+459.942835E-03
-332.500E-06,-992.226748E-03,+453.975498E-03
-330.000E-06,-980.135040E-03,+448.793337E-03
-327.500E-06,-969.613683E-03,+439.842332E-03
-325.000E-06,-964.588558E-03,+428.849870E-03
-322.500E-06,-959.092326E-03,+419.741830E-03
-320.000E-06,-948.728005E-03,+412.518212E-03
-317.500E-06,-938.520719E-03,+407.336051E-03
-315.000E-06,-930.040819E-03,+398.542081E-03
-312.500E-06,-922.346096E-03,+387.392584E-03
-310.000E-06,-913.709161E-03,+377.499368E-03
-307.500E-06,-902.402629E-03,+372.317207E-03
-305.000E-06,-892.195342E-03,+366.035800E-03
-302.500E-06,-885.442830E-03,+358.498112E-03
-300.000E-06,-880.103634E-03,+346.877509E-03
-297.500E-06,-871.152629E-03,+336.984293E-03
-295.000E-06,-860.003131E-03,+331.802132E-03
-292.500E-06,-849.324740E-03,+323.793338E-03
-290.000E-06,-841.158911E-03,+312.015700E-03
-287.500E-06,-832.993082E-03,+301.494344E-03
-285.000E-06,-819.645092E-03,+293.799620E-03
-282.500E-06,-808.809665E-03,+283.435299E-03
-280.000E-06,-802.214187E-03,+272.756907E-03
-277.500E-06,-794.362429E-03,+262.549621E-03
-275.000E-06,-781.956650E-03,+255.797108E-03
-272.500E-06,-769.236801E-03,+247.788314E-03
-270.000E-06,-762.013183E-03,+237.895098E-03
-267.500E-06,-753.690319E-03,+225.646355E-03
-265.000E-06,-740.813434E-03,+216.852385E-03
-262.500E-06,-728.093585E-03,+208.686556E-03
-260.000E-06,-721.969213E-03,+199.107410E-03
-257.500E-06,-713.175244E-03,+187.329772E-03
-255.000E-06,-699.042078E-03,+176.494345E-03
-252.500E-06,-687.892581E-03,+170.369973E-03
-250.000E-06,-680.825998E-03,+163.460426E-03
-247.500E-06,-669.048360E-03,+149.327260E-03
-245.000E-06,-654.915194E-03,+137.392587E-03
-242.500E-06,-645.650119E-03,+130.326004E-03
-240.000E-06,-637.955395E-03,+121.532034E-03
-237.500E-06,-623.037054E-03,+105.985552E-03
-235.000E-06,-610.160169E-03,+96.092336E-03
-232.500E-06,-602.936551E-03,+89.025753E-03
-230.000E-06,-594.299617E-03,+78.033291E-03
-227.500E-06,-580.951627E-03,+65.627512E-03
-225.000E-06,-569.488059E-03,+55.734296E-03
-222.500E-06,-561.322230E-03,+48.824748E-03
-220.000E-06,-551.271979E-03,+40.030779E-03
-217.500E-06,-538.709165E-03,+27.310930E-03
-215.000E-06,-526.617457E-03,+16.789573E-03
-212.500E-06,-517.509417E-03,+8.780779E-03
-210.000E-06,-505.260673E-03,-13.191E-06
-207.500E-06,-492.226754E-03,-14.460427E-03
-205.000E-06,-482.333538E-03,-26.081030E-03
-202.500E-06,-475.266955E-03,-30.949120E-03
-200.000E-06,-461.604895E-03,-43.511934E-03
-197.500E-06,-447.314694E-03,-57.802135E-03
-195.000E-06,-441.190322E-03,-66.910175E-03
-192.500E-06,-432.082282E-03,-74.290828E-03
-190.000E-06,-416.378764E-03,-87.167712E-03
-187.500E-06,-405.543337E-03,-98.788315E-03
-185.000E-06,-397.220473E-03,-107.425250E-03
-182.500E-06,-383.401378E-03,-115.434044E-03
-180.000E-06,-369.111177E-03,-127.525752E-03
-177.500E-06,-361.259418E-03,-139.303390E-03
-175.000E-06,-351.209167E-03,-148.568466E-03
-172.500E-06,-337.547107E-03,-157.048365E-03
-170.000E-06,-326.240574E-03,-170.239320E-03
-167.500E-06,-317.446605E-03,-182.802133E-03
-165.000E-06,-303.941580E-03,-191.282033E-03
-162.500E-06,-291.692836E-03,-200.076003E-03
-160.000E-06,-281.956655E-03,-214.209168E-03
-157.500E-06,-272.691580E-03,-227.086053E-03
-155.000E-06,-257.930274E-03,-235.408917E-03
-152.500E-06,-245.053389E-03,-249.542083E-03
-150.000E-06,-237.044595E-03,-262.261932E-03
-147.500E-06,-224.481782E-03,-271.998112E-03
-145.000E-06,-209.406405E-03,-283.618715E-03
-142.500E-06,-200.769470E-03,-297.123740E-03
-140.000E-06,-193.231782E-03,-306.388816E-03
-137.500E-06,-177.999370E-03,-315.653891E-03
-135.000E-06,-165.122486E-03,-329.944092E-03
-132.500E-06,-157.741832E-03,-342.192835E-03
-130.000E-06,-145.493089E-03,-352.871227E-03
-127.500E-06,-129.632536E-03,-364.805900E-03
-125.000E-06,-120.210426E-03,-377.211679E-03
-122.500E-06,-108.903893E-03,-388.204141E-03
-120.000E-06,-95.084798E-03,-396.684041E-03
-117.500E-06,-83.307160E-03,-409.560925E-03
-115.000E-06,-75.141331E-03,-423.065950E-03
-112.500E-06,-60.065954E-03,-432.959166E-03
-110.000E-06,-47.817211E-03,-442.381276E-03
-107.500E-06,-38.552135E-03,-456.357407E-03
-105.000E-06,-27.559673E-03,-467.663939E-03
-102.500E-06,-12.798367E-03,-476.614944E-03
-100.000E-06,-2.277010E-03,-491.062180E-03
-97.500E-06,+4.318467E-03,-502.839819E-03
-95.000E-06,+16.096105E-03,-511.633788E-03
-92.500E-06,+30.386306E-03,-520.427758E-03
-90.000E-06,+40.593593E-03,-536.445346E-03
-87.500E-06,+50.800879E-03,-546.966702E-03
-85.000E-06,+65.405150E-03,-556.702883E-03
-82.500E-06,+77.182788E-03,-569.265697E-03
-80.000E-06,+82.993090E-03,-581.514441E-03
-77.500E-06,+95.241833E-03,-590.779516E-03
-75.000E-06,+109.217964E-03,-600.672732E-03
-72.500E-06,+118.640074E-03,-614.648863E-03
-70.000E-06,+127.119974E-03,-627.682782E-03
-67.500E-06,+140.939069E-03,-638.675244E-03
-65.000E-06,+153.187812E-03,-648.568460E-03
-62.500E-06,+160.725501E-03,-660.660169E-03
-60.000E-06,+169.676506E-03,-671.495596E-03
-57.500E-06,+183.809671E-03,-679.818460E-03
-55.000E-06,+197.785802E-03,-695.207907E-03
-52.500E-06,+209.406405E-03,-706.671475E-03
-50.000E-06,+223.068465E-03,-715.308409E-03
-47.500E-06,+236.573490E-03,-728.813434E-03
-45.000E-06,+243.954143E-03,-741.376248E-03
-42.500E-06,+255.103640E-03,-751.269464E-03
-40.000E-06,+269.707912E-03,-761.947856E-03
-37.500E-06,+280.386304E-03,-776.395092E-03
-35.000E-06,+287.138816E-03,-786.131273E-03
-32.500E-06,+302.214193E-03,-795.396348E-03
-30.000E-06,+316.033288E-03,-807.488056E-03
-27.500E-06,+322.785801E-03,-820.364941E-03
-25.000E-06,+333.150122E-03,-832.299614E-03
-22.500E-06,+348.696604E-03,-841.407654E-03
-20.000E-06,+359.689066E-03,-856.954136E-03
-17.500E-06,+370.210423E-03,-867.632528E-03
-15.000E-06,+386.856152E-03,-876.269463E-03
-12.500E-06,+398.476755E-03,-888.204136E-03
-10.000E-06,+405.857408E-03,-901.866196E-03
-7.500E-06,+417.949116E-03,-911.445342E-03
-5.000E-06,+430.826000E-03,-918.354889E-03
-2.500E-06,+441.504392E-03,-929.975492E-03
-0.0E+00,+450.612432E-03,-942.852377E-03
+2.500E-06,+463.175246E-03,-950.861170E-03
+5.000E-06,+476.523236E-03,-959.812175E-03
+7.500E-06,+485.160171E-03,-972.060919E-03
+10.000E-06,+495.681527E-03,-983.995592E-03
+12.500E-06,+510.128763E-03,-993.731773E-03
+15.000E-06,+521.278261E-03,-1.004253130E+00
+17.500E-06,+531.485547E-03,-1.018229260E+00
+20.000E-06,+543.577255E-03,-1.027808406E+00
+22.500E-06,+556.297105E-03,-1.035503129E+00
+25.000E-06,+565.091074E-03,-1.046338556E+00
+27.500E-06,+575.769466E-03,-1.059372476E+00
+30.000E-06,+591.630019E-03,-1.072092325E+00
+32.500E-06,+601.523235E-03,-1.082770717E+00
+35.000E-06,+607.647607E-03,-1.095333531E+00
+37.500E-06,+617.854893E-03,-1.107111169E+00
+40.000E-06,+633.244340E-03,-1.115434033E+00
+42.500E-06,+641.724239E-03,-1.123128757E+00
+45.000E-06,+649.890068E-03,-1.135377500E+00
+47.500E-06,+662.923988E-03,-1.146998103E+00
+50.000E-06,+675.486802E-03,-1.154692827E+00
+52.500E-06,+682.553385E-03,-1.162387550E+00
+55.000E-06,+690.876249E-03,-1.174479259E+00
+57.500E-06,+701.711676E-03,-1.186099861E+00
+60.000E-06,+714.274490E-03,-1.193480515E+00
+62.500E-06,+724.010671E-03,-1.204158906E+00
+65.000E-06,+732.961676E-03,-1.216250615E+00
+67.500E-06,+745.210419E-03,-1.226457901E+00
+70.000E-06,+756.988057E-03,-1.236351117E+00
+72.500E-06,+765.467957E-03,-1.248128755E+00
+75.000E-06,+773.319715E-03,-1.259435288E+00
+77.500E-06,+786.510670E-03,-1.269328504E+00
+80.000E-06,+799.230519E-03,-1.277023227E+00
+82.500E-06,+806.768207E-03,-1.285817197E+00
+85.000E-06,+816.661423E-03,-1.296024483E+00
+87.500E-06,+831.265695E-03,-1.307959157E+00
+90.000E-06,+841.315946E-03,-1.315653880E+00
+92.500E-06,+845.869966E-03,-1.322092322E+00
+95.000E-06,+854.192830E-03,-1.331514433E+00
+97.500E-06,+869.582277E-03,-1.343135036E+00
+100.000E-06,+879.318458E-03,-1.351143830E+00
+102.500E-06,+886.228006E-03,-1.357111166E+00
+105.000E-06,+894.236799E-03,-1.365276995E+00
+107.500E-06,+908.055895E-03,-1.378939055E+00
+110.000E-06,+919.362427E-03,-1.389303377E+00
+112.500E-06,+925.172729E-03,-1.397940311E+00
+115.000E-06,+930.825995E-03,-1.408932774E+00
+117.500E-06,+939.777000E-03,-1.418197849E+00
+120.000E-06,+952.182779E-03,-1.428091065E+00
+122.500E-06,+960.976749E-03,-1.434843577E+00
+125.000E-06,+966.630015E-03,-1.439240562E+00
+127.500E-06,+975.895090E-03,-1.449290813E+00
+130.000E-06,+986.416447E-03,-1.461225487E+00
+132.500E-06,+997.722979E-03,-1.469862421E+00
+135.000E-06,+1.005888808E+00,-1.476457899E+00
+137.500E-06,+1.013426497E+00,-1.482268200E+00
+140.000E-06,+1.026303381E+00,-1.491219205E+00
+142.500E-06,+1.037609914E+00,-1.502368702E+00
+145.000E-06,+1.044990567E+00,-1.512575989E+00
+147.500E-06,+1.050800868E+00,-1.517915185E+00
+150.000E-06,+1.058809662E+00,-1.524510662E+00
+152.500E-06,+1.069331019E+00,-1.533304632E+00
+155.000E-06,+1.079538305E+00,-1.542883777E+00
+157.500E-06,+1.086761923E+00,-1.552462923E+00
+160.000E-06,+1.092572224E+00,-1.557016943E+00
+162.500E-06,+1.103721722E+00,-1.564240561E+00
+165.000E-06,+1.115499360E+00,-1.574133777E+00
+167.500E-06,+1.123979259E+00,-1.586696591E+00
+170.000E-06,+1.128690315E+00,-1.593920209E+00
+172.500E-06,+1.132930264E+00,-1.598631264E+00
+175.000E-06,+1.141567199E+00,-1.606168952E+00
+177.500E-06,+1.154130013E+00,-1.616690309E+00
+180.000E-06,+1.162452877E+00,-1.626426490E+00
+182.500E-06,+1.167478003E+00,-1.632707897E+00
+185.000E-06,+1.172817198E+00,-1.638518198E+00
+187.500E-06,+1.186165188E+00,-1.647469203E+00
+190.000E-06,+1.196686545E+00,-1.656263173E+00
+192.500E-06,+1.202810917E+00,-1.664429002E+00
+195.000E-06,+1.206422726E+00,-1.670710409E+00
+197.500E-06,+1.210034535E+00,-1.675735535E+00
+200.000E-06,+1.215216696E+00,-1.679190308E+00
+202.500E-06,+1.227308404E+00,-1.686570962E+00
+205.000E-06,+1.235788303E+00,-1.694736791E+00
+207.500E-06,+1.242383781E+00,-1.702588549E+00
+210.000E-06,+1.246780766E+00,-1.708241816E+00
+212.500E-06,+1.252905137E+00,-1.714994328E+00
+215.000E-06,+1.259971720E+00,-1.719548348E+00
+217.500E-06,+1.269393831E+00,-1.723160157E+00
+220.000E-06,+1.277716695E+00,-1.728970459E+00
+222.500E-06,+1.283526996E+00,-1.738392569E+00
+225.000E-06,+1.288709157E+00,-1.749856137E+00
+227.500E-06,+1.292792072E+00,-1.755352368E+00
+230.000E-06,+1.299858654E+00,-1.760691564E+00
+232.500E-06,+1.308338554E+00,-1.766187795E+00
+235.000E-06,+1.315248101E+00,-1.770584780E+00
+237.500E-06,+1.321215438E+00,-1.779064679E+00
+240.000E-06,+1.325612423E+00,-1.787544579E+00
+242.500E-06,+1.330323478E+00,-1.795867443E+00
+245.000E-06,+1.333778252E+00,-1.798380006E+00
+247.500E-06,+1.339588553E+00,-1.803405131E+00
+250.000E-06,+1.348853629E+00,-1.809686538E+00
+252.500E-06,+1.354349860E+00,-1.814240558E+00
+255.000E-06,+1.361887548E+00,-1.823034528E+00
+257.500E-06,+1.366598603E+00,-1.831043322E+00
+260.000E-06,+1.369111166E+00,-1.834498096E+00
+262.500E-06,+1.372251870E+00,-1.838109905E+00
+265.000E-06,+1.378847347E+00,-1.840308397E+00
+267.500E-06,+1.382302121E+00,-1.841878749E+00
+270.000E-06,+1.392195337E+00,-1.847060910E+00
+272.500E-06,+1.400047096E+00,-1.853656387E+00
+275.000E-06,+1.403344834E+00,-1.857111161E+00
+277.500E-06,+1.407270714E+00,-1.864648849E+00
+280.000E-06,+1.408526995E+00,-1.868103623E+00
+282.500E-06,+1.413395085E+00,-1.873128749E+00
+285.000E-06,+1.415750613E+00,-1.874699100E+00
+287.500E-06,+1.423759407E+00,-1.878782015E+00
+290.000E-06,+1.426743075E+00,-1.879881261E+00
+292.500E-06,+1.435851115E+00,-1.884278246E+00
+295.000E-06,+1.441818452E+00,-1.890245583E+00
+297.500E-06,+1.446529507E+00,-1.894642567E+00
+300.000E-06,+1.447471718E+00,-1.897626236E+00
+302.500E-06,+1.450455386E+00,-1.904535783E+00
+305.000E-06,+1.451083527E+00,-1.906263170E+00
+307.500E-06,+1.455323477E+00,-1.912073472E+00
+310.000E-06,+1.457836040E+00,-1.913800859E+00
+312.500E-06,+1.461918954E+00,-1.916313421E+00
+315.000E-06,+1.468357396E+00,-1.918983019E+00
+317.500E-06,+1.475109909E+00,-1.921966688E+00
+320.000E-06,+1.480763175E+00,-1.923222969E+00
+322.500E-06,+1.481077245E+00,-1.923694075E+00
+325.000E-06,+1.485631265E+00,-1.928719200E+00
+327.500E-06,+1.486887547E+00,-1.929504376E+00
+330.000E-06,+1.487358652E+00,-1.930760657E+00
+332.500E-06,+1.490342321E+00,-1.937042064E+00
+335.000E-06,+1.491284532E+00,-1.938612416E+00
+337.500E-06,+1.490970461E+00,-1.939083522E+00
+340.000E-06,+1.495681517E+00,-1.944265682E+00
+342.500E-06,+1.498508150E+00,-1.948034527E+00
+345.000E-06,+1.501648853E+00,-1.949761914E+00
+347.500E-06,+1.510913929E+00,-1.954472969E+00
+350.000E-06,+1.511856140E+00,-1.955258145E+00
+352.500E-06,+1.513269456E+00,-1.955101109E+00
+355.000E-06,+1.512641315E+00,-1.954944074E+00
+357.500E-06,+1.519393828E+00,-1.958241813E+00
+360.000E-06,+1.522377496E+00,-1.960126235E+00
+362.500E-06,+1.523633778E+00,-1.960597341E+00
+365.000E-06,+1.523476742E+00,-1.960126235E+00
+367.500E-06,+1.523633778E+00,-1.959969200E+00
+370.000E-06,+1.524733024E+00,-1.961225481E+00
+372.500E-06,+1.528030763E+00,-1.965465431E+00
+375.000E-06,+1.528344833E+00,-1.966407642E+00
+377.500E-06,+1.528501868E+00,-1.965465431E+00
+380.000E-06,+1.528815938E+00,-1.966407642E+00
+382.500E-06,+1.528501868E+00,-1.965779501E+00
+385.000E-06,+1.528344833E+00,-1.965465431E+00
+387.500E-06,+1.528501868E+00,-1.965151361E+00
+390.000E-06,+1.528972974E+00,-1.964680255E+00
+392.500E-06,+1.528972974E+00,-1.965779501E+00
+395.000E-06,+1.530857396E+00,-1.971118697E+00
+397.500E-06,+1.531799607E+00,-1.971589803E+00
+400.000E-06,+1.531642572E+00,-1.971589803E+00
+402.500E-06,+1.531014431E+00,-1.971118697E+00
+405.000E-06,+1.531642572E+00,-1.971118697E+00
+407.500E-06,+1.531642572E+00,-1.969862416E+00
+410.000E-06,+1.531328501E+00,-1.970647592E+00
+412.500E-06,+1.531014431E+00,-1.970333521E+00
+415.000E-06,+1.531328501E+00,-1.970333521E+00
+417.500E-06,+1.531485536E+00,-1.969234275E+00
+420.000E-06,+1.531799607E+00,-1.969548346E+00
+422.500E-06,+1.529601114E+00,-1.966093572E+00
+425.000E-06,+1.528658903E+00,-1.962638798E+00
+427.500E-06,+1.528344833E+00,-1.961696587E+00
+430.000E-06,+1.528501868E+00,-1.961696587E+00
+432.500E-06,+1.528658903E+00,-1.961539552E+00
+435.000E-06,+1.527873727E+00,-1.960911411E+00
+437.500E-06,+1.528187798E+00,-1.960283270E+00
+440.000E-06,+1.528030763E+00,-1.960440305E+00
+442.500E-06,+1.528187798E+00,-1.961068446E+00
+445.000E-06,+1.526931516E+00,-1.958241813E+00
+447.500E-06,+1.524261918E+00,-1.954787039E+00
+450.000E-06,+1.523476742E+00,-1.953687793E+00
+452.500E-06,+1.523790813E+00,-1.953687793E+00
+455.000E-06,+1.523319707E+00,-1.953059652E+00
+457.500E-06,+1.523319707E+00,-1.953216687E+00
+460.000E-06,+1.517038300E+00,-1.945836034E+00
+462.500E-06,+1.513269456E+00,-1.943637542E+00
+465.000E-06,+1.512327245E+00,-1.942381260E+00
+467.500E-06,+1.512170210E+00,-1.942381260E+00
+470.000E-06,+1.505417697E+00,-1.936413924E+00
+472.500E-06,+1.500706642E+00,-1.932488044E+00
+475.000E-06,+1.498351115E+00,-1.929818446E+00
+477.500E-06,+1.492540813E+00,-1.924950356E+00
+480.000E-06,+1.491441567E+00,-1.923380004E+00
+482.500E-06,+1.490970461E+00,-1.922751864E+00
+485.000E-06,+1.488143828E+00,-1.920396336E+00
+487.500E-06,+1.487515688E+00,-1.918511914E+00
+490.000E-06,+1.486730512E+00,-1.918197844E+00
+492.500E-06,+1.482804632E+00,-1.914428999E+00
+495.000E-06,+1.480606140E+00,-1.912073472E+00
+497.500E-06,+1.480606140E+00,-1.911445331E+00
+500.000E-06,+1.471498100E+00,-1.903907643E+00
+502.500E-06,+1.466472974E+00,-1.898882517E+00
+505.000E-06,+1.459406391E+00,-1.889303371E+00
+507.500E-06,+1.457521969E+00,-1.888675231E+00
+510.000E-06,+1.452810914E+00,-1.883179000E+00
+512.500E-06,+1.450612422E+00,-1.880823472E+00
+515.000E-06,+1.448728000E+00,-1.878782015E+00
+517.500E-06,+1.447000613E+00,-1.875955382E+00
+520.000E-06,+1.444488050E+00,-1.872500608E+00
+522.500E-06,+1.439148854E+00,-1.867161412E+00
+525.000E-06,+1.429569708E+00,-1.858524477E+00
+527.500E-06,+1.424544583E+00,-1.855226739E+00
+530.000E-06,+1.416849859E+00,-1.848317191E+00
+532.500E-06,+1.413866191E+00,-1.845961663E+00
+535.000E-06,+1.410725487E+00,-1.842192819E+00
+537.500E-06,+1.408369960E+00,-1.839994327E+00
+540.000E-06,+1.405543327E+00,-1.836853623E+00
+542.500E-06,+1.403030764E+00,-1.834498096E+00
+545.000E-06,+1.395807146E+00,-1.828687794E+00
+547.500E-06,+1.385913930E+00,-1.819579754E+00
+550.000E-06,+1.381988051E+00,-1.815496840E+00
+552.500E-06,+1.375078503E+00,-1.806702870E+00
+555.000E-06,+1.371466694E+00,-1.802619955E+00
+557.500E-06,+1.368640061E+00,-1.798222970E+00
+560.000E-06,+1.365342322E+00,-1.793668950E+00
+562.500E-06,+1.358746845E+00,-1.784560910E+00
+565.000E-06,+1.352465438E+00,-1.778279503E+00
+567.500E-06,+1.342101116E+00,-1.769014428E+00
+570.000E-06,+1.336918956E+00,-1.764303373E+00
+572.500E-06,+1.331893830E+00,-1.758493071E+00
+575.000E-06,+1.328282021E+00,-1.752211664E+00
+577.500E-06,+1.324356142E+00,-1.742161413E+00
+580.000E-06,+1.319016946E+00,-1.734623725E+00
+582.500E-06,+1.313991820E+00,-1.726614931E+00
+585.000E-06,+1.302057147E+00,-1.720490559E+00
+587.500E-06,+1.295147599E+00,-1.716564680E+00
+590.000E-06,+1.290750614E+00,-1.713581012E+00
+592.500E-06,+1.285254383E+00,-1.704001866E+00
+595.000E-06,+1.281171469E+00,-1.697249353E+00
+597.500E-06,+1.271749358E+00,-1.689083524E+00
+600.000E-06,+1.261699107E+00,-1.683430258E+00
+602.500E-06,+1.256359911E+00,-1.678719203E+00
+605.000E-06,+1.249450364E+00,-1.673222972E+00
+607.500E-06,+1.245995590E+00,-1.667255635E+00
+610.000E-06,+1.240499359E+00,-1.658461665E+00
+612.500E-06,+1.232333530E+00,-1.649667696E+00
+615.000E-06,+1.222754384E+00,-1.642758148E+00
+617.500E-06,+1.213332273E+00,-1.634278249E+00
+620.000E-06,+1.208778253E+00,-1.627368701E+00
+622.500E-06,+1.203753128E+00,-1.618888802E+00
+625.000E-06,+1.199827248E+00,-1.611037043E+00
+627.500E-06,+1.190876244E+00,-1.602714179E+00
+630.000E-06,+1.178313430E+00,-1.595647596E+00
+632.500E-06,+1.169990565E+00,-1.588109907E+00
+635.000E-06,+1.164965440E+00,-1.577745586E+00
+637.500E-06,+1.158212927E+00,-1.568009405E+00
+640.000E-06,+1.148947852E+00,-1.560942822E+00
+642.500E-06,+1.137170214E+00,-1.553248099E+00
+645.000E-06,+1.130574737E+00,-1.547280762E+00
+647.500E-06,+1.126962928E+00,-1.537230511E+00
+650.000E-06,+1.120995591E+00,-1.526552119E+00
+652.500E-06,+1.109374988E+00,-1.519171466E+00
+655.000E-06,+1.098539561E+00,-1.512575989E+00
+657.500E-06,+1.090530767E+00,-1.504410160E+00
+660.000E-06,+1.083464184E+00,-1.493574733E+00
+662.500E-06,+1.073413933E+00,-1.483053376E+00
+665.000E-06,+1.062264436E+00,-1.477243074E+00
+667.500E-06,+1.053627501E+00,-1.472374984E+00
+670.000E-06,+1.047974235E+00,-1.463423979E+00
+672.500E-06,+1.040750617E+00,-1.450390060E+00
+675.000E-06,+1.031171471E+00,-1.440810914E+00
+677.500E-06,+1.018451622E+00,-1.435157648E+00
+680.000E-06,+1.010599864E+00,-1.429818452E+00
+682.500E-06,+1.002276999E+00,-1.417569708E+00
+685.000E-06,+991.912678E-03,-1.406891316E+00
+687.500E-06,+980.606145E-03,-1.397312171E+00
+690.000E-06,+971.027000E-03,-1.388047095E+00
+692.500E-06,+965.216698E-03,-1.374070965E+00
+695.000E-06,+957.364939E-03,-1.364334784E+00
+697.500E-06,+945.587301E-03,-1.356797096E+00
+700.000E-06,+934.908910E-03,-1.351771970E+00
+702.500E-06,+927.528256E-03,-1.342349860E+00
+705.000E-06,+922.660166E-03,-1.332299609E+00
+707.500E-06,+913.238056E-03,-1.322249357E+00
+710.000E-06,+899.575995E-03,-1.313926493E+00
+712.500E-06,+889.368709E-03,-1.305446594E+00
+715.000E-06,+883.872478E-03,-1.294140061E+00
+717.500E-06,+875.392579E-03,-1.283932775E+00
+720.000E-06,+860.474237E-03,-1.275923981E+00
+722.500E-06,+851.052127E-03,-1.268700363E+00
+725.000E-06,+844.927755E-03,-1.256922725E+00
+727.500E-06,+836.918961E-03,-1.244359911E+00
+730.000E-06,+822.157655E-03,-1.234152625E+00
+732.500E-06,+812.107403E-03,-1.224259409E+00
+735.000E-06,+804.883785E-03,-1.212167700E+00
+737.500E-06,+794.048358E-03,-1.200390062E+00
+740.000E-06,+779.915193E-03,-1.192538304E+00
+742.500E-06,+769.550871E-03,-1.182802123E+00
+745.000E-06,+762.955394E-03,-1.169768203E+00
+747.500E-06,+751.648861E-03,-1.157833530E+00
+750.000E-06,+738.771977E-03,-1.149196595E+00
+752.500E-06,+728.407656E-03,-1.138989309E+00
+755.000E-06,+720.555897E-03,-1.126740566E+00
+757.500E-06,+708.935294E-03,-1.118731772E+00
+760.000E-06,+695.901374E-03,-1.111822224E+00
+762.500E-06,+686.636299E-03,-1.097689058E+00
+765.000E-06,+677.214189E-03,-1.082613682E+00
+767.500E-06,+667.635043E-03,-1.074918958E+00
+770.000E-06,+654.130018E-03,-1.063612426E+00
+772.500E-06,+645.493084E-03,-1.049636295E+00
+775.000E-06,+638.740571E-03,-1.038957903E+00
+777.500E-06,+624.921476E-03,-1.029692828E+00
+780.000E-06,+610.631275E-03,-1.015873733E+00
+782.500E-06,+604.506903E-03,-1.004881270E+00
+785.000E-06,+597.597355E-03,-996.087301E-03
+787.500E-06,+581.579768E-03,-983.995592E-03
+790.000E-06,+568.859919E-03,-970.961673E-03
+792.500E-06,+562.107406E-03,-959.655140E-03
+795.000E-06,+548.916451E-03,-950.390065E-03
+797.500E-06,+535.882532E-03,-940.967955E-03
+800.000E-06,+526.460421E-03,-929.661422E-03
+802.500E-06,+515.624994E-03,-918.511925E-03
+805.000E-06,+501.334794E-03,-910.817201E-03
+807.500E-06,+490.970472E-03,-899.196598E-03
+810.000E-06,+482.647608E-03,-885.534538E-03
+812.500E-06,+471.027005E-03,-875.955392E-03
+815.000E-06,+455.323488E-03,-865.591071E-03
+817.500E-06,+445.430272E-03,-852.557151E-03
+820.000E-06,+434.908915E-03,-839.366197E-03
+822.500E-06,+421.560925E-03,-828.687805E-03
+825.000E-06,+410.725498E-03,-816.910167E-03
+827.500E-06,+403.187810E-03,-802.148861E-03
+830.000E-06,+393.137559E-03,-793.197856E-03
+832.500E-06,+377.119971E-03,-781.891323E-03
+835.000E-06,+365.342333E-03,-768.072228E-03
+837.500E-06,+354.820976E-03,-756.922730E-03
+840.000E-06,+341.158916E-03,-748.599866E-03
+842.500E-06,+328.124996E-03,-732.425243E-03
+845.000E-06,+320.901378E-03,-719.862429E-03
+847.500E-06,+309.751881E-03,-709.655143E-03
+850.000E-06,+293.106153E-03,-696.621223E-03
+852.500E-06,+284.783288E-03,-684.215445E-03
+855.000E-06,+276.931530E-03,-674.950369E-03
+857.500E-06,+261.542083E-03,-663.486802E-03
+860.000E-06,+249.764445E-03,-651.238058E-03
+862.500E-06,+242.383791E-03,-639.774490E-03
+865.000E-06,+231.705400E-03,-627.368712E-03
+867.500E-06,+216.001882E-03,-613.549616E-03
+870.000E-06,+205.009420E-03,-600.358662E-03
+872.500E-06,+192.289571E-03,-589.837305E-03
+875.000E-06,+176.271983E-03,-577.274491E-03
+877.500E-06,+166.535802E-03,-564.554642E-03
+880.000E-06,+158.841079E-03,-554.347356E-03
+882.500E-06,+148.162687E-03,-545.553386E-03
+885.000E-06,+134.186556E-03,-532.205396E-03
+887.500E-06,+124.293340E-03,-518.229266E-03
+890.000E-06,+115.499371E-03,-508.493085E-03
+892.500E-06,+102.308416E-03,-497.186552E-03
+895.000E-06,+88.489321E-03,-482.111176E-03
+897.500E-06,+81.893843E-03,-472.060924E-03
+900.000E-06,+74.670225E-03,-462.010673E-03
+902.500E-06,+59.280778E-03,-446.935296E-03
+905.000E-06,+46.246859E-03,-436.099869E-03
+907.500E-06,+37.295854E-03,-426.206653E-03
+910.000E-06,+24.576005E-03,-414.429015E-03
+912.500E-06,+9.814698E-03,-399.981779E-03
+915.000E-06,+2.748116E-03,-390.559669E-03
+917.500E-06,-6.045854E-03,-377.996855E-03
+920.000E-06,-21.121231E-03,-364.020725E-03
+922.500E-06,-32.898869E-03,-353.185297E-03
+925.000E-06,-40.122487E-03,-343.135046E-03
+927.500E-06,-54.098618E-03,-327.588564E-03
+930.000E-06,-68.388818E-03,-315.496856E-03
+932.500E-06,-78.124999E-03,-304.975499E-03
+935.000E-06,-88.803391E-03,-291.941580E-03
+937.500E-06,-102.465451E-03,-279.064695E-03
+940.000E-06,-114.871230E-03,-268.386303E-03
+942.500E-06,-124.136305E-03,-255.666454E-03
+945.000E-06,-138.269471E-03,-242.632535E-03
+947.500E-06,-152.245601E-03,-231.326002E-03
+950.000E-06,-160.568466E-03,-220.176505E-03
+952.500E-06,-171.403893E-03,-205.572234E-03
+955.000E-06,-187.107410E-03,-193.323490E-03
+957.500E-06,-196.058415E-03,-184.372485E-03
+960.000E-06,-202.339822E-03,-171.495601E-03
+962.500E-06,-218.200375E-03,-157.362435E-03
+965.000E-06,-231.705400E-03,-148.568466E-03
+967.500E-06,-240.342334E-03,-138.675250E-03
+970.000E-06,-251.334796E-03,-124.385049E-03
+972.500E-06,-266.096103E-03,-113.235551E-03
+975.000E-06,-277.088565E-03,-105.697863E-03
+977.500E-06,-284.469218E-03,-93.920225E-03
+980.000E-06,-299.387560E-03,-79.630024E-03
+982.500E-06,-311.950374E-03,-71.464195E-03
+985.000E-06,-320.430273E-03,-60.628768E-03
+987.500E-06,-329.852383E-03,-45.239321E-03
+990.000E-06,-344.142584E-03,-33.775753E-03
+992.500E-06,-355.135046E-03,-26.081030E-03
+995.000E-06,-361.730524E-03,-14.774497E-03
+997.500E-06,-371.466705E-03,-798.367E-06
+1.000000E-03,-388.897609E-03,+9.094849E-03
+1.002500E-03,-397.848614E-03,+17.574749E-03
+1.005000E-03,-405.543337E-03,+29.038317E-03
+1.007500E-03,-420.775749E-03,+43.642588E-03
+1.010000E-03,-433.181528E-03,+50.866206E-03
+1.012500E-03,-441.190322E-03,+60.131281E-03
+1.015000E-03,-450.926503E-03,+73.008165E-03
+1.017500E-03,-466.944090E-03,+85.885050E-03
+1.020000E-03,-476.994342E-03,+95.150125E-03
+1.022500E-03,-484.217960E-03,+106.613693E-03
+1.025000E-03,-499.136301E-03,+122.003140E-03
+1.027500E-03,-512.484291E-03,+130.797109E-03
+1.030000E-03,-520.807155E-03,+141.004396E-03
+1.032500E-03,-530.386301E-03,+155.451632E-03
+1.035000E-03,-545.147607E-03,+166.758164E-03
+1.037500E-03,-556.297105E-03,+173.667712E-03
+1.040000E-03,-563.049617E-03,+183.403893E-03
+1.042500E-03,-573.728009E-03,+197.694094E-03
+1.045000E-03,-586.761928E-03,+207.430274E-03
+1.047500E-03,-598.068461E-03,+217.951631E-03
+1.050000E-03,-606.077255E-03,+230.985551E-03
+1.052500E-03,-617.069717E-03,+242.449118E-03
+1.055000E-03,-631.831023E-03,+250.771982E-03
+1.057500E-03,-640.153888E-03,+259.251882E-03
+1.060000E-03,-649.261928E-03,+270.872485E-03
+1.062500E-03,-660.568460E-03,+282.493088E-03
+1.065000E-03,-673.759415E-03,+292.543339E-03
+1.067500E-03,-683.024490E-03,+303.692836E-03
+1.070000E-03,-690.719214E-03,+315.313439E-03
+1.072500E-03,-704.538309E-03,+326.462936E-03
+1.075000E-03,-716.315947E-03,+334.785801E-03
+1.077500E-03,-723.539565E-03,+344.836052E-03
+1.080000E-03,-731.705394E-03,+355.671479E-03
+1.082500E-03,-747.094841E-03,+367.292082E-03
+1.085000E-03,-757.930268E-03,+374.515700E-03
+1.087500E-03,-764.054640E-03,+382.367458E-03
+1.090000E-03,-773.476751E-03,+397.442835E-03
+1.092500E-03,-785.882529E-03,+406.550875E-03
+1.095000E-03,-796.874991E-03,+413.774493E-03
+1.097500E-03,-802.999363E-03,+421.155146E-03
+1.100000E-03,-811.793333E-03,+437.486805E-03
+1.102500E-03,-823.099866E-03,+446.280774E-03
+1.105000E-03,-834.406398E-03,+452.719216E-03
+1.107500E-03,-842.101122E-03,+461.042081E-03
+1.110000E-03,-848.853634E-03,+471.092332E-03
+1.112500E-03,-859.217956E-03,+482.398864E-03
+1.115000E-03,-869.111172E-03,+489.936553E-03
+1.117500E-03,-877.748106E-03,+497.003136E-03
+1.120000E-03,-883.087302E-03,+505.011929E-03
+1.122500E-03,-886.228006E-03,+515.062181E-03
+1.125000E-03,-892.195342E-03,+522.599869E-03
+1.127500E-03,-903.187804E-03,+529.823487E-03
+1.130000E-03,-913.081020E-03,+535.005648E-03
+1.132500E-03,-919.519463E-03,+540.030773E-03
+1.135000E-03,-922.189060E-03,+546.469215E-03
+1.137500E-03,-927.057151E-03,+555.891326E-03
+1.140000E-03,-932.239312E-03,+562.172733E-03
+1.142500E-03,-939.462930E-03,+567.511929E-03
+1.145000E-03,-945.901372E-03,+571.908914E-03
+1.147500E-03,-953.596095E-03,+576.462934E-03
+1.150000E-03,-957.993080E-03,+579.603637E-03
+1.152500E-03,-960.976749E-03,+583.058411E-03
+1.155000E-03,-963.018206E-03,+586.827255E-03
+1.157500E-03,-964.745593E-03,+592.323486E-03
+1.160000E-03,-966.315944E-03,+596.877506E-03
+1.162500E-03,-969.456648E-03,+601.588562E-03
+1.165000E-03,-972.597351E-03,+603.787054E-03
+1.167500E-03,-978.564688E-03,+607.084793E-03
+1.170000E-03,-984.532025E-03,+609.440320E-03
+1.172500E-03,-990.185291E-03,+611.324742E-03
+1.175000E-03,-993.954135E-03,+612.109918E-03
+1.177500E-03,-997.565944E-03,+613.680270E-03
+1.180000E-03,-999.921472E-03,+614.779516E-03
+1.182500E-03,-1.002591070E+00,+615.721727E-03
+1.185000E-03,-1.004004386E+00,+616.663938E-03
+1.187500E-03,-1.005574738E+00,+618.077255E-03
+1.190000E-03,-1.007930266E+00,+620.903888E-03
+1.192500E-03,-1.009657653E+00,+622.788310E-03
+1.195000E-03,-1.012641321E+00,+623.887556E-03
+1.197500E-03,-1.014525743E+00,+624.515697E-03
+1.200000E-03,-1.017038306E+00,+628.127506E-03
+1.202500E-03,-1.021906396E+00,+630.325999E-03
+1.205000E-03,-1.026460416E+00,+632.681526E-03
+1.207500E-03,-1.029601120E+00,+634.408913E-03
+1.210000E-03,-1.033684034E+00,+636.921476E-03
+1.212500E-03,-1.035568456E+00,+638.177757E-03
+1.215000E-03,-1.038395089E+00,+641.161426E-03
+1.217500E-03,-1.039808406E+00,+641.632531E-03
+1.220000E-03,-1.041849863E+00,+644.145094E-03
+1.222500E-03,-1.042320969E+00,+645.087305E-03
+1.225000E-03,-1.044205391E+00,+646.029516E-03
+1.227500E-03,-1.044676496E+00,+648.856149E-03
+1.230000E-03,-1.045775743E+00,+649.484290E-03
+1.232500E-03,-1.047817200E+00,+650.269466E-03
+1.235000E-03,-1.049230516E+00,+651.525747E-03
+1.237500E-03,-1.050957903E+00,+651.682782E-03
+1.240000E-03,-1.053470466E+00,+653.253134E-03
+1.242500E-03,-1.056611170E+00,+653.096099E-03
+1.245000E-03,-1.059594838E+00,+654.509415E-03
+1.247500E-03,-1.063363682E+00,+655.137556E-03
+1.250000E-03,-1.066661421E+00,+655.922732E-03
+1.252500E-03,-1.069173984E+00,+655.765697E-03
+1.255000E-03,-1.071529511E+00,+656.550873E-03
+1.257500E-03,-1.074984285E+00,+657.336048E-03
+1.260000E-03,-1.077496848E+00,+658.121224E-03
+1.262500E-03,-1.079067199E+00,+658.749365E-03
+1.265000E-03,-1.081108657E+00,+659.848611E-03
+1.267500E-03,-1.082207903E+00,+660.319717E-03
+1.270000E-03,-1.083778255E+00,+660.319717E-03
+1.272500E-03,-1.084406395E+00,+661.104893E-03
+1.275000E-03,-1.085976747E+00,+662.047104E-03
+1.277500E-03,-1.086918958E+00,+662.361174E-03
+1.280000E-03,-1.088646345E+00,+663.303385E-03
+1.282500E-03,-1.090687802E+00,+664.088561E-03
+1.285000E-03,-1.093043330E+00,+664.716702E-03
+1.287500E-03,-1.095712928E+00,+664.873737E-03
+1.290000E-03,-1.097283280E+00,+665.658913E-03
+1.292500E-03,-1.101523229E+00,+665.187807E-03
+1.295000E-03,-1.102151370E+00,+666.601124E-03
+1.297500E-03,-1.106862425E+00,+666.915194E-03
+1.300000E-03,-1.109217953E+00,+668.171475E-03
+1.302500E-03,-1.112515692E+00,+668.328511E-03
+1.305000E-03,-1.115342325E+00,+669.113687E-03
+1.307500E-03,-1.117383782E+00,+669.584792E-03
+1.310000E-03,-1.118954134E+00,+669.741827E-03
+1.312500E-03,-1.120681521E+00,+670.369968E-03
+1.315000E-03,-1.121466697E+00,+671.155144E-03
+1.317500E-03,-1.122565943E+00,+670.841073E-03
+1.320000E-03,-1.123508154E+00,+670.684038E-03
+1.322500E-03,-1.124921470E+00,+670.527003E-03
+1.325000E-03,-1.125392576E+00,+671.940320E-03
+1.327500E-03,-1.125706646E+00,+671.783284E-03
+1.330000E-03,-1.127119963E+00,+672.568460E-03
+1.332500E-03,-1.128062174E+00,+672.254390E-03
+1.335000E-03,-1.129318455E+00,+672.097355E-03
+1.337500E-03,-1.130731772E+00,+673.981777E-03
+1.340000E-03,-1.133244335E+00,+673.039566E-03
+1.342500E-03,-1.135128757E+00,+672.568460E-03
+1.345000E-03,-1.136070968E+00,+672.254390E-03
+1.347500E-03,-1.140153882E+00,+672.725496E-03
+1.350000E-03,-1.141410164E+00,+673.353636E-03
+1.352500E-03,-1.144864937E+00,+673.353636E-03
+1.355000E-03,-1.148633782E+00,+673.981777E-03
+1.357500E-03,-1.149418958E+00,+675.081023E-03
+1.360000E-03,-1.152245591E+00,+673.667707E-03
+1.362500E-03,-1.153187802E+00,+673.824742E-03
+1.365000E-03,-1.155229259E+00,+673.824742E-03
+1.367500E-03,-1.158526998E+00,+674.609918E-03
+1.370000E-03,-1.159155138E+00,+674.138812E-03
+1.372500E-03,-1.159783279E+00,+674.138812E-03
+1.375000E-03,-1.160568455E+00,+674.138812E-03
+1.377500E-03,-1.161824736E+00,+672.725496E-03
+1.380000E-03,-1.162138807E+00,+673.353636E-03
+1.382500E-03,-1.163081018E+00,+673.196601E-03
+1.385000E-03,-1.163395088E+00,+674.295847E-03
+1.387500E-03,-1.163709158E+00,+673.353636E-03
+1.390000E-03,-1.164023229E+00,+674.138812E-03
+1.392500E-03,-1.164808405E+00,+673.510671E-03
+1.395000E-03,-1.165436545E+00,+673.510671E-03
+1.397500E-03,-1.165593580E+00,+671.940320E-03
+1.400000E-03,-1.165907651E+00,+671.783284E-03
+1.402500E-03,-1.165907651E+00,+671.312179E-03
+1.405000E-03,-1.166378756E+00,+671.155144E-03
+1.407500E-03,-1.167006897E+00,+671.312179E-03
+1.410000E-03,-1.167792073E+00,+670.841073E-03
+1.412500E-03,-1.168577249E+00,+670.527003E-03
+1.415000E-03,-1.169205389E+00,+670.055898E-03
+1.417500E-03,-1.170461671E+00,+669.898862E-03
+1.420000E-03,-1.171403882E+00,+669.113687E-03
+1.422500E-03,-1.172817198E+00,+670.055898E-03
+1.425000E-03,-1.174230515E+00,+668.642581E-03
+1.427500E-03,-1.175800867E+00,+668.799616E-03
+1.430000E-03,-1.177057148E+00,+668.171475E-03
+1.432500E-03,-1.177371219E+00,+667.386300E-03
+1.435000E-03,-1.178470465E+00,+665.815948E-03
+1.437500E-03,-1.179883781E+00,+665.501878E-03
+1.440000E-03,-1.180825992E+00,+665.972983E-03
+1.442500E-03,-1.181925239E+00,+665.501878E-03
+1.445000E-03,-1.183966696E+00,+665.658913E-03
+1.447500E-03,-1.185694083E+00,+664.559666E-03
+1.450000E-03,-1.185694083E+00,+664.088561E-03
+1.452500E-03,-1.186165188E+00,+663.146350E-03
+1.455000E-03,-1.187892575E+00,+662.832280E-03
+1.457500E-03,-1.187735540E+00,+662.047104E-03
+1.460000E-03,-1.190876244E+00,+662.832280E-03
+1.462500E-03,-1.191975490E+00,+661.733033E-03
+1.465000E-03,-1.191347349E+00,+660.633787E-03
+1.467500E-03,-1.191818455E+00,+660.005646E-03
+1.470000E-03,-1.191661419E+00,+658.906400E-03
+1.472500E-03,-1.192289560E+00,+658.592330E-03
+1.475000E-03,-1.193231771E+00,+658.435295E-03
+1.477500E-03,-1.193388806E+00,+657.650119E-03
+1.480000E-03,-1.193231771E+00,+656.707908E-03
+1.482500E-03,-1.194488053E+00,+657.179013E-03
+1.485000E-03,-1.194645088E+00,+656.707908E-03
+1.487500E-03,-1.194331017E+00,+655.294591E-03
+1.490000E-03,-1.194645088E+00,+655.451626E-03
+1.492500E-03,-1.195430264E+00,+655.137556E-03
+1.495000E-03,-1.194802123E+00,+654.038310E-03
+1.497500E-03,-1.194331017E+00,+653.253134E-03
+1.500000E-03,-1.194331017E+00,+652.939064E-03
+1.502500E-03,-1.194645088E+00,+652.782028E-03
+1.505000E-03,-1.194331017E+00,+651.525747E-03
+1.507500E-03,-1.194331017E+00,+650.897606E-03
+1.510000E-03,-1.194331017E+00,+650.740571E-03
+1.512500E-03,-1.193859912E+00,+649.170219E-03
+1.515000E-03,-1.193545841E+00,+649.484290E-03
+1.517500E-03,-1.192446595E+00,+647.599868E-03
+1.520000E-03,-1.191818455E+00,+646.029516E-03
+1.522500E-03,-1.190405138E+00,+645.244340E-03
+1.525000E-03,-1.189776997E+00,+644.459164E-03
+1.527500E-03,-1.187421470E+00,+642.731777E-03
+1.530000E-03,-1.188363681E+00,+641.789566E-03
+1.532500E-03,-1.186322223E+00,+639.434039E-03
+1.535000E-03,-1.185065942E+00,+638.648863E-03
+1.537500E-03,-1.183181520E+00,+636.293335E-03
+1.540000E-03,-1.182553379E+00,+635.037054E-03
+1.542500E-03,-1.180983028E+00,+633.937808E-03
+1.545000E-03,-1.178313430E+00,+631.268210E-03
+1.547500E-03,-1.177685289E+00,+628.598612E-03
+1.550000E-03,-1.175800867E+00,+627.813436E-03
+1.552500E-03,-1.174544585E+00,+625.614943E-03
+1.555000E-03,-1.172346093E+00,+624.515697E-03
+1.557500E-03,-1.171403882E+00,+622.160169E-03
+1.560000E-03,-1.169990565E+00,+619.961677E-03
+1.562500E-03,-1.168106143E+00,+619.019466E-03
+1.565000E-03,-1.167163932E+00,+617.606149E-03
+1.567500E-03,-1.166535792E+00,+616.506903E-03
+1.570000E-03,-1.166064686E+00,+615.721727E-03
+1.572500E-03,-1.165436545E+00,+614.622481E-03
+1.575000E-03,-1.165122475E+00,+613.837305E-03
+1.577500E-03,-1.164337299E+00,+612.581024E-03
+1.580000E-03,-1.163395088E+00,+612.266953E-03
+1.582500E-03,-1.162923983E+00,+610.853637E-03
+1.585000E-03,-1.162295842E+00,+609.754391E-03
+1.587500E-03,-1.160882525E+00,+608.655144E-03
+1.590000E-03,-1.158998103E+00,+606.613687E-03
+1.592500E-03,-1.156014435E+00,+603.630019E-03
+1.595000E-03,-1.152716696E+00,+601.431526E-03
+1.597500E-03,-1.148790817E+00,+599.233034E-03
+1.600000E-03,-1.144393832E+00,+595.307155E-03
+1.602500E-03,-1.138426495E+00,+590.596099E-03
+1.605000E-03,-1.133872475E+00,+587.769466E-03
+1.607500E-03,-1.130260666E+00,+584.785798E-03
+1.610000E-03,-1.127748103E+00,+580.859919E-03
+1.612500E-03,-1.125235541E+00,+578.033285E-03
+1.615000E-03,-1.123194083E+00,+574.735547E-03
+1.617500E-03,-1.120053380E+00,+571.280773E-03
+1.620000E-03,-1.117540817E+00,+568.611175E-03
+1.622500E-03,-1.115028254E+00,+566.412683E-03
+1.625000E-03,-1.108746847E+00,+561.701627E-03
+1.627500E-03,-1.100109913E+00,+555.106150E-03
+1.630000E-03,-1.093200365E+00,+549.452884E-03
+1.632500E-03,-1.088018204E+00,+543.485547E-03
+1.635000E-03,-1.084563431E+00,+539.088562E-03
+1.637500E-03,-1.080480516E+00,+534.691577E-03
+1.640000E-03,-1.073256898E+00,+529.980522E-03
+1.642500E-03,-1.065876245E+00,+525.740572E-03
+1.645000E-03,-1.057396345E+00,+519.459166E-03
+1.647500E-03,-1.049544587E+00,+512.078512E-03
+1.650000E-03,-1.044833532E+00,+502.656402E-03
+1.652500E-03,-1.040593582E+00,+497.160171E-03
+1.655000E-03,-1.034312175E+00,+491.663940E-03
+1.657500E-03,-1.023476748E+00,+485.382533E-03
+1.660000E-03,-1.013426497E+00,+475.960422E-03
+1.662500E-03,-1.006516949E+00,+466.852382E-03
+1.665000E-03,-1.001177753E+00,+459.471729E-03
+1.667500E-03,-992.069713E-03,+453.818463E-03
+1.670000E-03,-980.292075E-03,+448.793337E-03
+1.672500E-03,-969.456648E-03,+439.057156E-03
+1.675000E-03,-964.431522E-03,+428.221729E-03
+1.677500E-03,-960.191573E-03,+419.113689E-03
+1.680000E-03,-948.885040E-03,+412.989317E-03
+1.682500E-03,-939.148859E-03,+407.021981E-03
+1.685000E-03,-929.098608E-03,+399.798363E-03
+1.687500E-03,-923.131272E-03,+387.863690E-03
+1.690000E-03,-914.965442E-03,+377.656403E-03
+1.692500E-03,-903.501875E-03,+372.474242E-03
+1.695000E-03,-892.666448E-03,+366.506906E-03
+1.697500E-03,-885.128759E-03,+358.184042E-03
+1.700000E-03,-880.417704E-03,+347.348615E-03
+1.702500E-03,-870.210418E-03,+337.298363E-03
+1.705000E-03,-859.846096E-03,+332.430273E-03
+1.707500E-03,-849.010669E-03,+323.950374E-03
+1.710000E-03,-841.001875E-03,+311.544595E-03
+1.712500E-03,-832.207906E-03,+301.023238E-03
+1.715000E-03,-819.645092E-03,+293.014444E-03
+1.717500E-03,-808.652630E-03,+283.749369E-03
+1.720000E-03,-802.057152E-03,+272.442837E-03
+1.722500E-03,-794.519464E-03,+262.549621E-03
+1.725000E-03,-781.799615E-03,+255.326003E-03
+1.727500E-03,-769.707906E-03,+247.788314E-03
+1.730000E-03,-762.013183E-03,+238.052133E-03
+1.732500E-03,-753.376248E-03,+225.803390E-03
+1.735000E-03,-740.656399E-03,+216.538314E-03
+1.737500E-03,-728.564691E-03,+209.471732E-03
+1.740000E-03,-721.969213E-03,+199.107410E-03
+1.742500E-03,-713.332279E-03,+187.329772E-03
+1.745000E-03,-699.042078E-03,+177.122486E-03
+1.747500E-03,-687.421475E-03,+170.369973E-03
+1.750000E-03,-681.140068E-03,+162.832285E-03
+1.752500E-03,-669.676500E-03,+147.599873E-03
+1.755000E-03,-655.857405E-03,+136.764446E-03
+1.757500E-03,-645.336048E-03,+130.168969E-03
+1.760000E-03,-637.484290E-03,+121.374999E-03
+1.762500E-03,-622.880018E-03,+106.142587E-03
+1.765000E-03,-610.788310E-03,+95.621230E-03
+1.767500E-03,-602.779516E-03,+88.711683E-03
+1.770000E-03,-594.927757E-03,+78.347361E-03
+1.772500E-03,-581.422732E-03,+65.156407E-03
+1.775000E-03,-569.802130E-03,+56.048366E-03
+1.777500E-03,-560.694089E-03,+48.510678E-03
+1.780000E-03,-551.271979E-03,+38.460427E-03
+1.782500E-03,-536.981778E-03,+27.310930E-03
+1.785000E-03,-527.559668E-03,+17.103643E-03
+1.787500E-03,-517.352381E-03,+8.937814E-03
+1.790000E-03,-505.731779E-03,-641.331E-06
+1.792500E-03,-491.598613E-03,-14.460427E-03
+1.795000E-03,-482.176502E-03,-26.238065E-03
+1.797500E-03,-474.952884E-03,-32.205401E-03
+1.800000E-03,-461.133789E-03,-42.726758E-03
+1.802500E-03,-448.099870E-03,-57.802135E-03
+1.805000E-03,-441.190322E-03,-66.910175E-03
+1.807500E-03,-432.553387E-03,-74.133793E-03
+1.810000E-03,-417.006905E-03,-86.068466E-03
+1.812500E-03,-405.543337E-03,-99.416456E-03
+1.815000E-03,-397.534543E-03,-107.582285E-03
+1.817500E-03,-382.773237E-03,-115.748114E-03
+1.820000E-03,-368.797107E-03,-127.368717E-03
+1.822500E-03,-361.573489E-03,-139.146355E-03
+1.825000E-03,-351.837308E-03,-148.882536E-03
+1.827500E-03,-337.861177E-03,-157.048365E-03
+1.830000E-03,-326.083539E-03,-170.710425E-03
+1.832500E-03,-317.917710E-03,-183.116204E-03
+1.835000E-03,-304.726756E-03,-191.910174E-03
+1.837500E-03,-291.692836E-03,-201.489319E-03
+1.840000E-03,-282.270726E-03,-215.151379E-03
+1.842500E-03,-272.220474E-03,-226.771982E-03
+1.845000E-03,-259.657661E-03,-234.780776E-03
+1.847500E-03,-245.367460E-03,-250.484294E-03
+1.850000E-03,-237.044595E-03,-262.104896E-03
+1.852500E-03,-224.795852E-03,-271.998112E-03
+1.855000E-03,-209.406405E-03,-284.403891E-03
+1.857500E-03,-199.670224E-03,-296.966705E-03
+1.860000E-03,-193.074747E-03,-306.702886E-03
+1.862500E-03,-178.313440E-03,-316.124996E-03
+1.865000E-03,-164.808415E-03,-330.572232E-03
+1.867500E-03,-158.369973E-03,-342.035800E-03
+1.870000E-03,-144.864948E-03,-353.813438E-03
+1.872500E-03,-129.632536E-03,-365.434041E-03
+1.875000E-03,-120.524496E-03,-377.525749E-03
+1.877500E-03,-109.217964E-03,-388.361177E-03
+1.880000E-03,-95.712939E-03,-397.626252E-03
+1.882500E-03,-83.778265E-03,-409.874995E-03
+1.885000E-03,-76.083542E-03,-423.065950E-03
+1.887500E-03,-61.008165E-03,-432.959166E-03
+1.890000E-03,-48.445351E-03,-442.852382E-03
+1.892500E-03,-38.709170E-03,-456.514442E-03
+1.895000E-03,-28.187814E-03,-467.035799E-03
+1.897500E-03,-13.112437E-03,-476.614944E-03
+1.900000E-03,-2.119975E-03,-490.748110E-03
+1.902500E-03,+4.632538E-03,-502.996854E-03
+1.905000E-03,+17.195352E-03,-511.790823E-03
+1.907500E-03,+30.229271E-03,-521.369969E-03
+1.910000E-03,+40.593593E-03,-535.974240E-03
+1.912500E-03,+50.172738E-03,-547.123738E-03
+1.915000E-03,+64.934045E-03,-556.231778E-03
+1.917500E-03,+77.653894E-03,-569.108662E-03
+1.920000E-03,+83.307160E-03,-581.985546E-03
+1.922500E-03,+95.555903E-03,-590.936551E-03
+1.925000E-03,+108.589823E-03,-601.300873E-03
+1.927500E-03,+118.797109E-03,-614.177757E-03
+1.930000E-03,+127.277009E-03,-628.310923E-03
+1.932500E-03,+141.567210E-03,-639.617455E-03
+1.935000E-03,+153.030777E-03,-648.882531E-03
+1.937500E-03,+160.725501E-03,-660.346098E-03
+1.940000E-03,+169.676506E-03,-671.495596E-03
+1.942500E-03,+183.338566E-03,-680.446601E-03
+1.945000E-03,+198.099872E-03,-695.207907E-03
+1.947500E-03,+208.778264E-03,-706.671475E-03
+1.950000E-03,+222.440324E-03,-715.151374E-03
+1.952500E-03,+236.887560E-03,-729.127505E-03
+1.955000E-03,+243.954143E-03,-741.219213E-03
+1.957500E-03,+255.103640E-03,-751.740570E-03
+1.960000E-03,+269.079771E-03,-762.890067E-03
+1.962500E-03,+280.700374E-03,-777.180268E-03
+1.965000E-03,+287.609922E-03,-787.073484E-03
+1.967500E-03,+302.214193E-03,-795.710418E-03
+1.970000E-03,+316.190323E-03,-807.959162E-03
+1.972500E-03,+322.785801E-03,-820.836046E-03
+1.975000E-03,+333.935298E-03,-831.985544E-03
+1.977500E-03,+347.911428E-03,-842.978006E-03
+1.980000E-03,+359.846102E-03,-858.053383E-03
+1.982500E-03,+369.739318E-03,-867.318458E-03
+1.985000E-03,+385.442835E-03,-876.426498E-03
+1.987500E-03,+398.633790E-03,-889.146347E-03
+1.990000E-03,+405.700373E-03,-901.395091E-03
+1.992500E-03,+417.006905E-03,-911.759412E-03
+1.995000E-03,+430.197860E-03,-917.883784E-03
+1.997500E-03,+440.876252E-03,-930.446598E-03
+2.000000E-03,+449.356151E-03,-943.009412E-03
+2.002500E-03,+462.233035E-03,-950.233030E-03
+2.005000E-03,+476.523236E-03,-960.283281E-03
+2.007500E-03,+484.689065E-03,-972.060919E-03
+2.010000E-03,+495.838563E-03,-984.466698E-03
+2.012500E-03,+510.285799E-03,-993.888808E-03
+2.015000E-03,+521.121226E-03,-1.004724235E+00
+2.017500E-03,+531.014442E-03,-1.018543331E+00
+2.020000E-03,+543.577255E-03,-1.028436547E+00
+2.022500E-03,+555.983034E-03,-1.035974235E+00
+2.025000E-03,+565.405145E-03,-1.047437803E+00
+2.027500E-03,+574.827255E-03,-1.059686546E+00
+2.030000E-03,+590.687808E-03,-1.071935290E+00
+2.032500E-03,+601.366200E-03,-1.083084787E+00
+2.035000E-03,+607.490571E-03,-1.095490566E+00
+2.037500E-03,+616.912682E-03,-1.107111169E+00
+2.040000E-03,+632.773234E-03,-1.115748103E+00
+2.042500E-03,+640.939063E-03,-1.123599862E+00
+2.045000E-03,+649.261928E-03,-1.135534535E+00
+2.047500E-03,+662.923988E-03,-1.146998103E+00
+2.050000E-03,+674.701626E-03,-1.155006897E+00
+2.052500E-03,+682.553385E-03,-1.163172726E+00
+2.055000E-03,+689.619967E-03,-1.175578505E+00
+2.057500E-03,+702.182781E-03,-1.186099861E+00
+2.060000E-03,+714.431525E-03,-1.193480515E+00
+2.062500E-03,+723.853635E-03,-1.204630012E+00
+2.065000E-03,+732.333535E-03,-1.216721720E+00
+2.067500E-03,+744.425243E-03,-1.226929007E+00
+2.070000E-03,+756.516952E-03,-1.235722976E+00
+2.072500E-03,+764.996851E-03,-1.247971720E+00
+2.075000E-03,+773.162680E-03,-1.259592323E+00
+2.077500E-03,+785.882529E-03,-1.269799609E+00
+2.080000E-03,+798.445343E-03,-1.277651368E+00
+2.082500E-03,+806.611172E-03,-1.285660162E+00
+2.085000E-03,+816.818459E-03,-1.296652624E+00
+2.087500E-03,+831.736800E-03,-1.308273227E+00
+2.090000E-03,+841.315946E-03,-1.315967950E+00
+2.092500E-03,+846.184036E-03,-1.322877498E+00
+2.095000E-03,+854.349865E-03,-1.332299609E+00
+2.097500E-03,+869.268207E-03,-1.344077247E+00
+2.100000E-03,+879.789563E-03,-1.351771970E+00
+2.102500E-03,+886.070970E-03,-1.357268201E+00
+2.105000E-03,+894.393835E-03,-1.365748101E+00
+2.107500E-03,+908.212930E-03,-1.378624985E+00
+2.110000E-03,+918.734287E-03,-1.389146342E+00
+2.112500E-03,+924.387553E-03,-1.398254382E+00
+2.115000E-03,+930.668960E-03,-1.408618703E+00
+2.117500E-03,+939.619965E-03,-1.418354884E+00
+2.120000E-03,+951.868708E-03,-1.427776995E+00
+2.122500E-03,+961.290819E-03,-1.434058401E+00
+2.125000E-03,+966.630015E-03,-1.439868703E+00
+2.127500E-03,+975.266949E-03,-1.449290813E+00
+2.130000E-03,+985.788306E-03,-1.461382522E+00
+2.132500E-03,+996.937803E-03,-1.470176492E+00
+2.135000E-03,+1.005731773E+00,-1.476929004E+00
+2.137500E-03,+1.013112426E+00,-1.481640059E+00
+2.140000E-03,+1.027245592E+00,-1.491847346E+00
+2.142500E-03,+1.037452878E+00,-1.501740562E+00
+2.145000E-03,+1.044990567E+00,-1.512418953E+00
+2.147500E-03,+1.050800868E+00,-1.517915185E+00
+2.150000E-03,+1.058495592E+00,-1.524981767E+00
+2.152500E-03,+1.069331019E+00,-1.533932772E+00
+2.155000E-03,+1.079695340E+00,-1.543668953E+00
+2.157500E-03,+1.086604888E+00,-1.552776993E+00
+2.160000E-03,+1.093200365E+00,-1.557645084E+00
+2.162500E-03,+1.102936546E+00,-1.564083526E+00
+2.165000E-03,+1.114714184E+00,-1.574761918E+00
+2.167500E-03,+1.124136294E+00,-1.586696591E+00
+2.170000E-03,+1.128219209E+00,-1.593763174E+00
+2.172500E-03,+1.132616194E+00,-1.599102370E+00
+2.175000E-03,+1.141410164E+00,-1.605854882E+00
+2.177500E-03,+1.154444083E+00,-1.616533274E+00
+2.180000E-03,+1.162138807E+00,-1.626269455E+00
+2.182500E-03,+1.167478003E+00,-1.632707897E+00
+2.185000E-03,+1.173288304E+00,-1.638832269E+00
+2.187500E-03,+1.185222977E+00,-1.647312168E+00
+2.190000E-03,+1.195901369E+00,-1.656577243E+00
+2.192500E-03,+1.202653882E+00,-1.664586037E+00
+2.195000E-03,+1.206579761E+00,-1.670867444E+00
+2.197500E-03,+1.209877500E+00,-1.675421464E+00
+2.200000E-03,+1.216315942E+00,-1.679661414E+00
+2.202500E-03,+1.226209158E+00,-1.685628751E+00
+2.205000E-03,+1.235945339E+00,-1.694579755E+00
+2.207500E-03,+1.241912675E+00,-1.702117444E+00
+2.210000E-03,+1.246466695E+00,-1.708712921E+00
+2.212500E-03,+1.253062173E+00,-1.715308398E+00
+2.215000E-03,+1.260599861E+00,-1.718920207E+00
+2.217500E-03,+1.268765690E+00,-1.723003122E+00
+2.220000E-03,+1.276617449E+00,-1.729284529E+00
+2.222500E-03,+1.282898856E+00,-1.738863675E+00
+2.225000E-03,+1.289180263E+00,-1.750484278E+00
+2.227500E-03,+1.292792072E+00,-1.755509403E+00
+2.230000E-03,+1.299073479E+00,-1.760377493E+00
+2.232500E-03,+1.308024483E+00,-1.766501865E+00
+2.235000E-03,+1.314462926E+00,-1.771526991E+00
+2.237500E-03,+1.322157649E+00,-1.779849855E+00
+2.240000E-03,+1.325612423E+00,-1.786288297E+00
+2.242500E-03,+1.329852373E+00,-1.795396337E+00
+2.245000E-03,+1.333307147E+00,-1.798222970E+00
+2.247500E-03,+1.338803378E+00,-1.802776991E+00
+2.250000E-03,+1.348382523E+00,-1.809058397E+00
+2.252500E-03,+1.353564684E+00,-1.813612418E+00
+2.255000E-03,+1.361730513E+00,-1.823034528E+00
+2.257500E-03,+1.366284533E+00,-1.831200357E+00
+2.260000E-03,+1.369268201E+00,-1.833869955E+00
+2.262500E-03,+1.372094835E+00,-1.836696588E+00
+2.265000E-03,+1.378690312E+00,-1.840151362E+00
+2.267500E-03,+1.382930262E+00,-1.842192819E+00
+2.270000E-03,+1.392823478E+00,-1.847060910E+00
+2.272500E-03,+1.400518201E+00,-1.854441563E+00
+2.275000E-03,+1.403501869E+00,-1.857739301E+00
+2.277500E-03,+1.407270714E+00,-1.864648849E+00
+2.280000E-03,+1.408684030E+00,-1.867161412E+00
+2.282500E-03,+1.412609909E+00,-1.872971713E+00
+2.285000E-03,+1.414337296E+00,-1.875170206E+00
+2.287500E-03,+1.423759407E+00,-1.878782015E+00
+2.290000E-03,+1.425800864E+00,-1.880038296E+00
+2.292500E-03,+1.434751869E+00,-1.884749351E+00
+2.295000E-03,+1.440876241E+00,-1.890245583E+00
+2.297500E-03,+1.445744331E+00,-1.894799603E+00
+2.300000E-03,+1.446843577E+00,-1.896841060E+00
+2.302500E-03,+1.450141316E+00,-1.905006889E+00
+2.305000E-03,+1.450612422E+00,-1.906734276E+00
+2.307500E-03,+1.455480512E+00,-1.911916437E+00
+2.310000E-03,+1.456893829E+00,-1.914428999E+00
+2.312500E-03,+1.462075989E+00,-1.915999351E+00
+2.315000E-03,+1.468043326E+00,-1.918825984E+00
+2.317500E-03,+1.475423979E+00,-1.921966688E+00
+2.320000E-03,+1.478407647E+00,-1.923222969E+00
+2.322500E-03,+1.480135034E+00,-1.923851110E+00
+2.325000E-03,+1.485474230E+00,-1.928405130E+00
+2.327500E-03,+1.486416441E+00,-1.930132517E+00
+2.330000E-03,+1.487358652E+00,-1.931545833E+00
+2.332500E-03,+1.490185286E+00,-1.937827240E+00
+2.335000E-03,+1.490970461E+00,-1.939083522E+00
+2.337500E-03,+1.490656391E+00,-1.938455381E+00
+2.340000E-03,+1.495053376E+00,-1.943794577E+00
+2.342500E-03,+1.498822220E+00,-1.947563421E+00
+2.345000E-03,+1.502119959E+00,-1.949447843E+00
+2.347500E-03,+1.509814682E+00,-1.953687793E+00
+2.350000E-03,+1.512013175E+00,-1.955258145E+00
+2.352500E-03,+1.511542069E+00,-1.955729250E+00
+2.355000E-03,+1.512641315E+00,-1.954787039E+00
+2.357500E-03,+1.518765687E+00,-1.958869954E+00
+2.360000E-03,+1.522534531E+00,-1.959812165E+00
+2.362500E-03,+1.523005637E+00,-1.960597341E+00
+2.365000E-03,+1.523319707E+00,-1.960283270E+00
+2.367500E-03,+1.522691567E+00,-1.959812165E+00
+2.370000E-03,+1.524575989E+00,-1.961696587E+00
+2.372500E-03,+1.527873727E+00,-1.965308396E+00
+2.375000E-03,+1.528344833E+00,-1.965779501E+00
+2.377500E-03,+1.528501868E+00,-1.966564677E+00
+2.380000E-03,+1.528187798E+00,-1.965779501E+00
+2.382500E-03,+1.528187798E+00,-1.965779501E+00
+2.385000E-03,+1.528187798E+00,-1.965622466E+00
+2.387500E-03,+1.528344833E+00,-1.965465431E+00
+2.390000E-03,+1.528030763E+00,-1.964837290E+00
+2.392500E-03,+1.528501868E+00,-1.965622466E+00
+2.395000E-03,+1.531171466E+00,-1.971275732E+00
+2.397500E-03,+1.531328501E+00,-1.971432768E+00
+2.400000E-03,+1.531799607E+00,-1.971589803E+00
+2.402500E-03,+1.532427747E+00,-1.971746838E+00
+2.405000E-03,+1.531956642E+00,-1.971118697E+00
+2.407500E-03,+1.531485536E+00,-1.970804627E+00
+2.410000E-03,+1.531956642E+00,-1.970961662E+00
+2.412500E-03,+1.531956642E+00,-1.970019451E+00
+2.415000E-03,+1.531642572E+00,-1.970490557E+00
+2.417500E-03,+1.532270712E+00,-1.969234275E+00
+2.420000E-03,+1.532270712E+00,-1.969077240E+00
+2.422500E-03,+1.530857396E+00,-1.965779501E+00
+2.425000E-03,+1.528972974E+00,-1.962481763E+00
+2.427500E-03,+1.528187798E+00,-1.962167692E+00
+2.430000E-03,+1.528344833E+00,-1.961853622E+00
+2.432500E-03,+1.528344833E+00,-1.961225481E+00
+2.435000E-03,+1.528658903E+00,-1.960911411E+00
+2.437500E-03,+1.528815938E+00,-1.961382516E+00
+2.440000E-03,+1.528501868E+00,-1.960597341E+00
+2.442500E-03,+1.527873727E+00,-1.960283270E+00
+2.445000E-03,+1.526931516E+00,-1.958555883E+00
+2.447500E-03,+1.524418954E+00,-1.954787039E+00
+2.450000E-03,+1.523319707E+00,-1.953687793E+00
+2.452500E-03,+1.523319707E+00,-1.953530758E+00
+2.455000E-03,+1.523319707E+00,-1.953216687E+00
+2.457500E-03,+1.523162672E+00,-1.952745582E+00
+2.460000E-03,+1.516567195E+00,-1.945836034E+00
+2.462500E-03,+1.512798351E+00,-1.943794577E+00
+2.465000E-03,+1.512798351E+00,-1.943166436E+00
+2.467500E-03,+1.513269456E+00,-1.942695331E+00
+2.470000E-03,+1.505260662E+00,-1.936099853E+00
+2.472500E-03,+1.501020713E+00,-1.932488044E+00
+2.475000E-03,+1.497880009E+00,-1.930289552E+00
+2.477500E-03,+1.492540813E+00,-1.924636286E+00
+2.480000E-03,+1.491284532E+00,-1.923537039E+00
+2.482500E-03,+1.490970461E+00,-1.923065934E+00
+2.485000E-03,+1.488300863E+00,-1.919925230E+00
+2.487500E-03,+1.487201617E+00,-1.918668949E+00
+2.490000E-03,+1.486730512E+00,-1.917883773E+00
+2.492500E-03,+1.482490562E+00,-1.914428999E+00
+2.495000E-03,+1.481077245E+00,-1.912858648E+00
+2.497500E-03,+1.479977999E+00,-1.911445331E+00
